pdf_path,page,page_width,page_height,word,x0,y0,x1,y1,block,line,word_no
E:\SCHEMATICai\samples\CP-2600-2699\CP-2611-R1.pdf,8,612.0,792.0,Upon,160.6199951171875,252.04473876953125,183.43295288085938,263.7673034667969,0,0,0
E:\SCHEMATICai\samples\CP-2600-2699\CP-2611-R1.pdf,8,612.0,792.0,power,185.8177032470703,252.04473876953125,211.3638153076172,263.7673034667969,0,0,1
E:\SCHEMATICai\samples\CP-2600-2699\CP-2611-R1.pdf,8,612.0,792.0,up,213.69775390625,252.04473876953125,224.1008758544922,263.7673034667969,0,0,2
E:\SCHEMATICai\samples\CP-2600-2699\CP-2611-R1.pdf,8,612.0,792.0,the,226.3744354248047,252.04473876953125,239.05747985839844,263.7673034667969,0,0,3
E:\SCHEMATICai\samples\CP-2600-2699\CP-2611-R1.pdf,8,612.0,792.0,clock,241.43801879882812,252.04473876953125,263.5372314453125,263.7673034667969,0,0,4
E:\SCHEMATICai\samples\CP-2600-2699\CP-2611-R1.pdf,8,612.0,792.0,screen,265.9304504394531,252.04473876953125,292.1373291015625,263.7673034667969,0,0,5
E:\SCHEMATICai\samples\CP-2600-2699\CP-2611-R1.pdf,8,612.0,792.0,may,294.5220642089844,252.04473876953125,312.1800231933594,263.7673034667969,0,0,6
E:\SCHEMATICai\samples\CP-2600-2699\CP-2611-R1.pdf,8,612.0,792.0,not,314.325439453125,252.04473876953125,327.5898132324219,263.7673034667969,0,0,7
E:\SCHEMATICai\samples\CP-2600-2699\CP-2611-R1.pdf,8,612.0,792.0,be,329.87957763671875,252.04473876953125,339.6219177246094,263.7673034667969,0,0,8
E:\SCHEMATICai\samples\CP-2600-2699\CP-2611-R1.pdf,8,612.0,792.0,displayed.,342.00244140625,252.04473876953125,383.622314453125,263.7673034667969,0,0,9
E:\SCHEMATICai\samples\CP-2600-2699\CP-2611-R1.pdf,8,612.0,792.0,The,386.0155334472656,252.04473876953125,402.09356689453125,263.7673034667969,0,0,10
E:\SCHEMATICai\samples\CP-2600-2699\CP-2611-R1.pdf,8,612.0,792.0,clock,404.4137268066406,252.04473876953125,426.5256652832031,263.7673034667969,0,0,11
E:\SCHEMATICai\samples\CP-2600-2699\CP-2611-R1.pdf,8,612.0,792.0,screen,428.9114685058594,252.04473876953125,455.0082702636719,263.7673034667969,0,0,12
E:\SCHEMATICai\samples\CP-2600-2699\CP-2611-R1.pdf,8,612.0,792.0,is,457.3940734863281,252.04473876953125,464.275146484375,263.7673034667969,0,0,13
E:\SCHEMATICai\samples\CP-2600-2699\CP-2611-R1.pdf,8,612.0,792.0,considered,466.69482421875,252.04473876953125,510.9419860839844,263.7673034667969,0,0,14
E:\SCHEMATICai\samples\CP-2600-2699\CP-2611-R1.pdf,8,612.0,792.0,the,513.2674560546875,252.04473876953125,525.8912353515625,263.7673034667969,0,0,15
E:\SCHEMATICai\samples\CP-2600-2699\CP-2611-R1.pdf,8,612.0,792.0,“main”,160.6201934814453,264.1644287109375,190.1617431640625,275.8872985839844,0,1,0
E:\SCHEMATICai\samples\CP-2600-2699\CP-2611-R1.pdf,8,612.0,792.0,screen,192.48190307617188,264.16473388671875,218.76187133789062,275.8872985839844,0,1,1
E:\SCHEMATICai\samples\CP-2600-2699\CP-2611-R1.pdf,8,612.0,792.0,and,221.0873260498047,264.16473388671875,235.98358154296875,275.8872985839844,0,1,2
E:\SCHEMATICai\samples\CP-2600-2699\CP-2611-R1.pdf,8,612.0,792.0,will,238.3683319091797,264.16473388671875,254.13397216796875,275.8872985839844,0,1,3
E:\SCHEMATICai\samples\CP-2600-2699\CP-2611-R1.pdf,8,612.0,792.0,be,256.5113220214844,264.16473388671875,266.31298828125,275.8872985839844,0,1,4
E:\SCHEMATICai\samples\CP-2600-2699\CP-2611-R1.pdf,8,612.0,792.0,the,268.6935119628906,264.16473388671875,281.3172912597656,275.8872985839844,0,1,5
E:\SCHEMATICai\samples\CP-2600-2699\CP-2611-R1.pdf,8,612.0,792.0,starting,283.57708740234375,264.16473388671875,314.3141784667969,275.8872985839844,0,1,6
E:\SCHEMATICai\samples\CP-2600-2699\CP-2611-R1.pdf,8,612.0,792.0,point,316.5793151855469,264.16473388671875,337.6238708496094,275.8872985839844,0,1,7
E:\SCHEMATICai\samples\CP-2600-2699\CP-2611-R1.pdf,8,612.0,792.0,for,340.0616149902344,264.16473388671875,352.13153076171875,275.8872985839844,0,1,8
E:\SCHEMATICai\samples\CP-2600-2699\CP-2611-R1.pdf,8,612.0,792.0,all,354.5692443847656,264.16473388671875,364.7160949707031,275.8872985839844,0,1,9
E:\SCHEMATICai\samples\CP-2600-2699\CP-2611-R1.pdf,8,612.0,792.0,programming.,367.1538391113281,264.16473388671875,425.1282653808594,275.8872985839844,0,1,10
E:\SCHEMATICai\samples\CP-2600-2699\CP-2611-R1.pdf,8,612.0,792.0,Locating,160.62020874023438,288.40411376953125,196.9845428466797,300.1266784667969,0,3,0
E:\SCHEMATICai\samples\CP-2600-2699\CP-2611-R1.pdf,8,612.0,792.0,the,199.24961853027344,288.40411376953125,211.93267822265625,300.1266784667969,0,3,1
E:\SCHEMATICai\samples\CP-2600-2699\CP-2611-R1.pdf,8,612.0,792.0,clock,214.25389099121094,288.40411376953125,236.4738311767578,300.1266784667969,0,3,2
E:\SCHEMATICai\samples\CP-2600-2699\CP-2611-R1.pdf,8,612.0,792.0,screen:,238.7950439453125,288.40411376953125,267.7223815917969,300.1266784667969,0,3,3
E:\SCHEMATICai\samples\CP-2600-2699\CP-2611-R1.pdf,8,612.0,792.0,Use,160.62026977539062,300.6451721191406,176.65911865234375,312.36773681640625,0,4,0
E:\SCHEMATICai\samples\CP-2600-2699\CP-2611-R1.pdf,8,612.0,792.0,the,178.97927856445312,300.6451721191406,191.60301208496094,312.36773681640625,0,4,1
E:\SCHEMATICai\samples\CP-2600-2699\CP-2611-R1.pdf,8,612.0,792.0,“DOWN”,193.98037719726562,300.6451721191406,237.0733184814453,312.36773681640625,0,4,2
E:\SCHEMATICai\samples\CP-2600-2699\CP-2611-R1.pdf,8,612.0,792.0,key,239.3404998779297,300.6451721191406,254.23675537109375,312.36773681640625,0,4,3
E:\SCHEMATICai\samples\CP-2600-2699\CP-2611-R1.pdf,8,612.0,792.0,to,256.5018310546875,300.6451721191406,264.65997314453125,312.36773681640625,0,4,4
E:\SCHEMATICai\samples\CP-2600-2699\CP-2611-R1.pdf,8,612.0,792.0,scroll,266.98541259765625,300.6451721191406,289.7581481933594,312.36773681640625,0,4,5
E:\SCHEMATICai\samples\CP-2600-2699\CP-2611-R1.pdf,8,612.0,792.0,until,292.0772399902344,300.6451721191406,310.8651123046875,312.36773681640625,0,4,6
E:\SCHEMATICai\samples\CP-2600-2699\CP-2611-R1.pdf,8,612.0,792.0,the,313.2625732421875,300.6451721191406,325.8672790527344,312.36773681640625,0,4,7
E:\SCHEMATICai\samples\CP-2600-2699\CP-2611-R1.pdf,8,612.0,792.0,clock,328.2467041015625,300.6451721191406,350.40625,312.36773681640625,0,4,8
E:\SCHEMATICai\samples\CP-2600-2699\CP-2611-R1.pdf,8,612.0,792.0,screen,352.79205322265625,300.6451721191406,378.9904479980469,312.36773681640625,0,4,9
E:\SCHEMATICai\samples\CP-2600-2699\CP-2611-R1.pdf,8,612.0,792.0,is,381.2555236816406,300.6451721191406,388.2382507324219,312.36773681640625,0,4,10
E:\SCHEMATICai\samples\CP-2600-2699\CP-2611-R1.pdf,8,612.0,792.0,shown.,390.6177062988281,300.6451721191406,419.7811584472656,312.36773681640625,0,4,11
E:\SCHEMATICai\samples\CP-2600-2699\CP-2611-R1.pdf,8,612.0,792.0,To,160.62026977539062,324.8845520019531,172.09718322753906,336.60711669921875,0,6,0
E:\SCHEMATICai\samples\CP-2600-2699\CP-2611-R1.pdf,8,612.0,792.0,enter,174.48300170898438,324.8845520019531,194.9832305908203,336.60711669921875,0,6,1
E:\SCHEMATICai\samples\CP-2600-2699\CP-2611-R1.pdf,8,612.0,792.0,into,197.4262237548828,324.8845520019531,213.44920349121094,336.60711669921875,0,6,2
E:\SCHEMATICai\samples\CP-2600-2699\CP-2611-R1.pdf,8,612.0,792.0,program,215.71429443359375,324.8845520019531,250.4097137451172,336.60711669921875,0,6,3
E:\SCHEMATICai\samples\CP-2600-2699\CP-2611-R1.pdf,8,612.0,792.0,mode,252.6726837158203,324.8845520019531,275.3744812011719,336.60711669921875,0,6,4
E:\SCHEMATICai\samples\CP-2600-2699\CP-2611-R1.pdf,8,612.0,792.0,press,277.6946105957031,324.8845520019531,298.7613525390625,336.60711669921875,0,6,5
E:\SCHEMATICai\samples\CP-2600-2699\CP-2611-R1.pdf,8,612.0,792.0,“ESC”,301.14501953125,324.8845520019531,329.96124267578125,336.60711669921875,0,6,6
E:\SCHEMATICai\samples\CP-2600-2699\CP-2611-R1.pdf,8,612.0,792.0,once.,332.4010314941406,324.8845520019531,354.31597900390625,336.60711669921875,0,6,7
E:\SCHEMATICai\samples\CP-2600-2699\CP-2611-R1.pdf,8,612.0,792.0,(See,356.7091979980469,324.8845520019531,374.4773864746094,336.60711669921875,0,6,8
E:\SCHEMATICai\samples\CP-2600-2699\CP-2611-R1.pdf,8,612.0,792.0,chart,376.7371520996094,324.8845520019531,398.291015625,336.60711669921875,0,6,9
E:\SCHEMATICai\samples\CP-2600-2699\CP-2611-R1.pdf,8,612.0,792.0,1),400.6884765625,324.8845520019531,409.3750305175781,336.60711669921875,0,6,10
E:\SCHEMATICai\samples\CP-2600-2699\CP-2611-R1.pdf,8,612.0,792.0,Arrow,414.23883056640625,324.8845520019531,441.1435546875,336.60711669921875,0,6,11
E:\SCHEMATICai\samples\CP-2600-2699\CP-2611-R1.pdf,8,612.0,792.0,down,443.33660888671875,324.8845520019531,466.1495361328125,336.60711669921875,0,6,12
E:\SCHEMATICai\samples\CP-2600-2699\CP-2611-R1.pdf,8,612.0,792.0,to,468.4749755859375,324.8845520019531,476.5918273925781,336.60711669921875,0,6,13
E:\SCHEMATICai\samples\CP-2600-2699\CP-2611-R1.pdf,8,612.0,792.0,desired,478.8569030761719,324.8845520019531,508.4534912109375,336.60711669921875,0,6,14
E:\SCHEMATICai\samples\CP-2600-2699\CP-2611-R1.pdf,8,612.0,792.0,selection,160.61924743652344,337.0042419433594,197.00050354003906,348.726806640625,0,7,0
E:\SCHEMATICai\samples\CP-2600-2699\CP-2611-R1.pdf,8,612.0,792.0,and,199.39901733398438,337.0042419433594,214.174560546875,348.726806640625,0,7,1
E:\SCHEMATICai\samples\CP-2600-2699\CP-2611-R1.pdf,8,612.0,792.0,press,216.5730743408203,337.0042419433594,237.55191040039062,348.726806640625,0,7,2
E:\SCHEMATICai\samples\CP-2600-2699\CP-2611-R1.pdf,8,612.0,792.0,“OK”.,239.950439453125,337.0042419433594,267.4366149902344,348.726806640625,0,7,3
E:\SCHEMATICai\samples\CP-2600-2699\CP-2611-R1.pdf,8,612.0,792.0,,173.6994171142578,360.8168640136719,178.57058715820312,373.7784118652344,0,9,0
E:\SCHEMATICai\samples\CP-2600-2699\CP-2611-R1.pdf,8,612.0,792.0,To,186.7785186767578,362.0240783691406,198.22894287109375,373.74664306640625,0,9,1
E:\SCHEMATICai\samples\CP-2600-2699\CP-2611-R1.pdf,8,612.0,792.0,set,200.5543975830078,362.0240783691406,211.95823669433594,373.74664306640625,0,9,2
E:\SCHEMATICai\samples\CP-2600-2699\CP-2611-R1.pdf,8,612.0,792.0,"clock,",214.41607666015625,362.0240783691406,239.08856201171875,373.74664306640625,0,9,3
E:\SCHEMATICai\samples\CP-2600-2699\CP-2611-R1.pdf,8,612.0,792.0,arrow,241.4818115234375,362.0240783691406,265.5093994140625,373.74664306640625,0,9,4
E:\SCHEMATICai\samples\CP-2600-2699\CP-2611-R1.pdf,8,612.0,792.0,down,267.7151794433594,362.0240783691406,290.5408630371094,373.74664306640625,0,9,5
E:\SCHEMATICai\samples\CP-2600-2699\CP-2611-R1.pdf,8,612.0,792.0,to,292.8663330078125,362.0240783691406,300.983154296875,373.74664306640625,0,9,6
E:\SCHEMATICai\samples\CP-2600-2699\CP-2611-R1.pdf,8,612.0,792.0,“SET”,303.3689880371094,362.0240783691406,331.6397399902344,373.74664306640625,0,9,7
E:\SCHEMATICai\samples\CP-2600-2699\CP-2611-R1.pdf,8,612.0,792.0,and,333.95989990234375,362.0240783691406,348.9175720214844,373.74664306640625,0,9,8
E:\SCHEMATICai\samples\CP-2600-2699\CP-2611-R1.pdf,8,612.0,792.0,press,351.23883056640625,362.0240783691406,372.3013610839844,373.74664306640625,0,9,9
E:\SCHEMATICai\samples\CP-2600-2699\CP-2611-R1.pdf,8,612.0,792.0,“OK”.,374.74224853515625,362.0240783691406,402.1329650878906,373.74664306640625,0,9,10
E:\SCHEMATICai\samples\CP-2600-2699\CP-2611-R1.pdf,8,612.0,792.0,“CLOCK”,404.5791320800781,362.0240783691406,450.9781188964844,373.74664306640625,0,9,11
E:\SCHEMATICai\samples\CP-2600-2699\CP-2611-R1.pdf,8,612.0,792.0,will,453.3607482910156,362.0240783691406,469.3106689453125,373.74664306640625,0,9,12
E:\SCHEMATICai\samples\CP-2600-2699\CP-2611-R1.pdf,8,612.0,792.0,appear.,471.76849365234375,362.0240783691406,501.6033630371094,373.74664306640625,0,9,13
E:\SCHEMATICai\samples\CP-2600-2699\CP-2611-R1.pdf,8,612.0,792.0,Press,503.9859924316406,362.0240783691406,525.5048828125,373.74664306640625,0,9,14
E:\SCHEMATICai\samples\CP-2600-2699\CP-2611-R1.pdf,8,612.0,792.0,“OK”.,186.77642822265625,374.2041320800781,214.20533752441406,385.92669677734375,0,10,0
E:\SCHEMATICai\samples\CP-2600-2699\CP-2611-R1.pdf,8,612.0,792.0,“SET,216.71824645996094,374.2041320800781,240.56260681152344,385.92669677734375,0,10,1
E:\SCHEMATICai\samples\CP-2600-2699\CP-2611-R1.pdf,8,612.0,792.0,CLOCK”,242.78428649902344,374.2041320800781,284.89874267578125,385.92669677734375,0,10,2
E:\SCHEMATICai\samples\CP-2600-2699\CP-2611-R1.pdf,8,612.0,792.0,will,287.2188720703125,374.2041320800781,303.1698303222656,385.92669677734375,0,10,3
E:\SCHEMATICai\samples\CP-2600-2699\CP-2611-R1.pdf,8,612.0,792.0,then,305.6276550292969,374.2041320800781,323.27081298828125,385.92669677734375,0,10,4
E:\SCHEMATICai\samples\CP-2600-2699\CP-2611-R1.pdf,8,612.0,792.0,appear.,325.6566162109375,374.2041320800781,355.4046325683594,385.92669677734375,0,10,5
E:\SCHEMATICai\samples\CP-2600-2699\CP-2611-R1.pdf,8,612.0,792.0,Press,357.8476257324219,374.2041320800781,379.42901611328125,385.92669677734375,0,10,6
E:\SCHEMATICai\samples\CP-2600-2699\CP-2611-R1.pdf,8,612.0,792.0,“OK”,381.81268310546875,374.2041320800781,406.6981201171875,385.92669677734375,0,10,7
E:\SCHEMATICai\samples\CP-2600-2699\CP-2611-R1.pdf,8,612.0,792.0,again.,409.0182800292969,374.2041320800781,433.840087890625,385.92669677734375,0,10,8
E:\SCHEMATICai\samples\CP-2600-2699\CP-2611-R1.pdf,8,612.0,792.0,Use,436.2184753417969,374.2041320800781,452.2573547363281,385.92669677734375,0,10,9
E:\SCHEMATICai\samples\CP-2600-2699\CP-2611-R1.pdf,8,612.0,792.0,“LEFT”,454.5775146484375,374.2041320800781,490.158203125,385.92669677734375,0,10,10
E:\SCHEMATICai\samples\CP-2600-2699\CP-2611-R1.pdf,8,612.0,792.0,and,492.5418701171875,374.2041320800781,507.496337890625,385.92669677734375,0,10,11
E:\SCHEMATICai\samples\CP-2600-2699\CP-2611-R1.pdf,8,612.0,792.0,“RIGHT”,186.7774658203125,386.3841857910156,229.8195343017578,398.10675048828125,0,11,0
E:\SCHEMATICai\samples\CP-2600-2699\CP-2611-R1.pdf,8,612.0,792.0,arrow,232.20957946777344,386.3841857910156,256.24884033203125,398.10675048828125,0,11,1
E:\SCHEMATICai\samples\CP-2600-2699\CP-2611-R1.pdf,8,612.0,792.0,keys,258.3815612792969,386.3841857910156,277.1429748535156,398.10675048828125,0,11,2
E:\SCHEMATICai\samples\CP-2600-2699\CP-2611-R1.pdf,8,612.0,792.0,to,279.5023193359375,386.3841857910156,287.6106872558594,398.10675048828125,0,11,3
E:\SCHEMATICai\samples\CP-2600-2699\CP-2611-R1.pdf,8,612.0,792.0,maneuver,289.99542236328125,386.3841857910156,330.1370544433594,398.10675048828125,0,11,4
E:\SCHEMATICai\samples\CP-2600-2699\CP-2611-R1.pdf,8,612.0,792.0,around,332.55145263671875,386.3841857910156,361.05303955078125,398.10675048828125,0,11,5
E:\SCHEMATICai\samples\CP-2600-2699\CP-2611-R1.pdf,8,612.0,792.0,and,363.318115234375,386.3841857910156,378.28424072265625,398.10675048828125,0,11,6
E:\SCHEMATICai\samples\CP-2600-2699\CP-2611-R1.pdf,8,612.0,792.0,the,380.6139221191406,386.3841857910156,393.2366027832031,398.10675048828125,0,11,7
E:\SCHEMATICai\samples\CP-2600-2699\CP-2611-R1.pdf,8,612.0,792.0,“UP”,395.5567626953125,386.3841857910156,418.15911865234375,398.10675048828125,0,11,8
E:\SCHEMATICai\samples\CP-2600-2699\CP-2611-R1.pdf,8,612.0,792.0,and,420.54278564453125,386.3841857910156,435.49725341796875,398.10675048828125,0,11,9
E:\SCHEMATICai\samples\CP-2600-2699\CP-2611-R1.pdf,8,612.0,792.0,“DOWN”,437.8809509277344,386.3841857910156,479.71905517578125,398.10675048828125,0,11,10
E:\SCHEMATICai\samples\CP-2600-2699\CP-2611-R1.pdf,8,612.0,792.0,keys,482.1091003417969,386.3841857910156,500.8705139160156,398.10675048828125,0,11,11
E:\SCHEMATICai\samples\CP-2600-2699\CP-2611-R1.pdf,8,612.0,792.0,to,503.2298583984375,386.3841857910156,511.3382263183594,398.10675048828125,0,11,12
E:\SCHEMATICai\samples\CP-2600-2699\CP-2611-R1.pdf,8,612.0,792.0,change,186.7774658203125,398.5038757324219,215.72174072265625,410.2264404296875,0,12,0
E:\SCHEMATICai\samples\CP-2600-2699\CP-2611-R1.pdf,8,612.0,792.0,setting.,218.10227966308594,398.5038757324219,247.9519805908203,410.2264404296875,0,12,1
E:\SCHEMATICai\samples\CP-2600-2699\CP-2611-R1.pdf,8,612.0,792.0,Once,250.34523010253906,398.5038757324219,271.9065246582031,410.2264404296875,0,12,2
E:\SCHEMATICai\samples\CP-2600-2699\CP-2611-R1.pdf,8,612.0,792.0,complete,274.1662902832031,398.5038757324219,311.7357177734375,410.2264404296875,0,12,3
E:\SCHEMATICai\samples\CP-2600-2699\CP-2611-R1.pdf,8,612.0,792.0,press,313.9954833984375,398.5038757324219,335.0950622558594,410.2264404296875,0,12,4
E:\SCHEMATICai\samples\CP-2600-2699\CP-2611-R1.pdf,8,612.0,792.0,“OK”.,337.4543762207031,398.5038757324219,364.87591552734375,410.2264404296875,0,12,5
E:\SCHEMATICai\samples\CP-2600-2699\CP-2611-R1.pdf,8,612.0,792.0,To,367.2659606933594,398.5038757324219,378.74285888671875,410.2264404296875,0,12,6
E:\SCHEMATICai\samples\CP-2600-2699\CP-2611-R1.pdf,8,612.0,792.0,get,381.06829833984375,398.5038757324219,393.7481689453125,410.2264404296875,0,12,7
E:\SCHEMATICai\samples\CP-2600-2699\CP-2611-R1.pdf,8,612.0,792.0,to,396.0778503417969,398.5038757324219,404.2539978027344,410.2264404296875,0,12,8
E:\SCHEMATICai\samples\CP-2600-2699\CP-2611-R1.pdf,8,612.0,792.0,parameter,406.5190734863281,398.5038757324219,447.296142578125,410.2264404296875,0,12,9
E:\SCHEMATICai\samples\CP-2600-2699\CP-2611-R1.pdf,8,612.0,792.0,screen,449.5654602050781,398.5038757324219,475.82958984375,410.2264404296875,0,12,10
E:\SCHEMATICai\samples\CP-2600-2699\CP-2611-R1.pdf,8,612.0,792.0,press,478.09466552734375,398.5038757324219,499.2440490722656,410.2264404296875,0,12,11
E:\SCHEMATICai\samples\CP-2600-2699\CP-2611-R1.pdf,8,612.0,792.0,“ESC”.,501.63409423828125,398.5038757324219,532.8656005859375,410.2264404296875,0,12,12
E:\SCHEMATICai\samples\CP-2600-2699\CP-2611-R1.pdf,8,612.0,792.0,To,186.77743530273438,410.6235656738281,198.2543487548828,422.34613037109375,0,13,0
E:\SCHEMATICai\samples\CP-2600-2699\CP-2611-R1.pdf,8,612.0,792.0,get,200.5797882080078,410.6235656738281,213.1251678466797,422.34613037109375,0,13,1
E:\SCHEMATICai\samples\CP-2600-2699\CP-2611-R1.pdf,8,612.0,792.0,to,215.58299255371094,410.6235656738281,223.63525390625,422.34613037109375,0,13,2
E:\SCHEMATICai\samples\CP-2600-2699\CP-2611-R1.pdf,8,612.0,792.0,main,226.02105712890625,410.6235656738281,246.44186401367188,422.34613037109375,0,13,3
E:\SCHEMATICai\samples\CP-2600-2699\CP-2611-R1.pdf,8,612.0,792.0,screen,248.82766723632812,410.6235656738281,275.0196838378906,422.34613037109375,0,13,4
E:\SCHEMATICai\samples\CP-2600-2699\CP-2611-R1.pdf,8,612.0,792.0,(clock,277.3536071777344,410.6235656738281,302.9865417480469,422.34613037109375,0,13,5
E:\SCHEMATICai\samples\CP-2600-2699\CP-2611-R1.pdf,8,612.0,792.0,showing),305.3119812011719,410.6235656738281,343.2637023925781,422.34613037109375,0,13,6
E:\SCHEMATICai\samples\CP-2600-2699\CP-2611-R1.pdf,8,612.0,792.0,press,345.6781005859375,410.6235656738281,366.69403076171875,422.34613037109375,0,13,7
E:\SCHEMATICai\samples\CP-2600-2699\CP-2611-R1.pdf,8,612.0,792.0,“ESC”,369.1137390136719,410.6235656738281,397.879150390625,422.34613037109375,0,13,8
E:\SCHEMATICai\samples\CP-2600-2699\CP-2611-R1.pdf,8,612.0,792.0,again.,400.2596435546875,410.6235656738281,425.1120910644531,422.34613037109375,0,13,9
E:\SCHEMATICai\samples\CP-2600-2699\CP-2611-R1.pdf,8,612.0,792.0,,173.69729614257812,434.49652099609375,178.56846618652344,447.45806884765625,0,15,0
E:\SCHEMATICai\samples\CP-2600-2699\CP-2611-R1.pdf,8,612.0,792.0,To,186.77639770507812,435.7037353515625,198.25331115722656,447.4263000488281,0,15,1
E:\SCHEMATICai\samples\CP-2600-2699\CP-2611-R1.pdf,8,612.0,792.0,set,200.57875061035156,435.7037353515625,211.95504760742188,447.4263000488281,0,15,2
E:\SCHEMATICai\samples\CP-2600-2699\CP-2611-R1.pdf,8,612.0,792.0,"parameters,",214.41287231445312,435.7037353515625,261.66644287109375,447.4263000488281,0,15,3
E:\SCHEMATICai\samples\CP-2600-2699\CP-2611-R1.pdf,8,612.0,792.0,arrow,264.05865478515625,435.7037353515625,288.1360168457031,447.4263000488281,0,15,4
E:\SCHEMATICai\samples\CP-2600-2699\CP-2611-R1.pdf,8,612.0,792.0,down,290.3291015625,435.7037353515625,313.1420593261719,447.4263000488281,0,15,5
E:\SCHEMATICai\samples\CP-2600-2699\CP-2611-R1.pdf,8,612.0,792.0,to,315.4675598144531,435.7037353515625,323.5780334472656,447.4263000488281,0,15,6
E:\SCHEMATICai\samples\CP-2600-2699\CP-2611-R1.pdf,8,612.0,792.0,“SET,325.9035339355469,435.7037353515625,349.71917724609375,447.4263000488281,0,15,7
E:\SCHEMATICai\samples\CP-2600-2699\CP-2611-R1.pdf,8,612.0,792.0,PARAMETERS”,352.0160217285156,435.7037353515625,427.81781005859375,447.4263000488281,0,15,8
E:\SCHEMATICai\samples\CP-2600-2699\CP-2611-R1.pdf,8,612.0,792.0,and,430.2057189941406,435.7037353515625,445.1623229980469,447.4263000488281,0,15,9
E:\SCHEMATICai\samples\CP-2600-2699\CP-2611-R1.pdf,8,612.0,792.0,press,447.42742919921875,435.7037353515625,468.5704040527344,447.4263000488281,0,15,10
E:\SCHEMATICai\samples\CP-2600-2699\CP-2611-R1.pdf,8,612.0,792.0,“OK”.,470.95831298828125,435.7037353515625,498.3046875,447.4263000488281,0,15,11
E:\SCHEMATICai\samples\CP-2600-2699\CP-2611-R1.pdf,8,612.0,792.0,Use,500.6979064941406,435.7037353515625,516.7367553710938,447.4263000488281,0,15,12
E:\SCHEMATICai\samples\CP-2600-2699\CP-2611-R1.pdf,8,612.0,792.0,“UP”,186.77642822265625,447.82342529296875,209.35853576660156,459.5459899902344,0,16,0
E:\SCHEMATICai\samples\CP-2600-2699\CP-2611-R1.pdf,8,612.0,792.0,and,211.74224853515625,447.82342529296875,226.69674682617188,459.5459899902344,0,16,1
E:\SCHEMATICai\samples\CP-2600-2699\CP-2611-R1.pdf,8,612.0,792.0,“DOWN”,229.13973999023438,447.82342529296875,270.9184875488281,459.5459899902344,0,16,2
E:\SCHEMATICai\samples\CP-2600-2699\CP-2611-R1.pdf,8,612.0,792.0,arrow,273.362548828125,447.82342529296875,297.51507568359375,459.5459899902344,0,16,3
E:\SCHEMATICai\samples\CP-2600-2699\CP-2611-R1.pdf,8,612.0,792.0,keys,299.7081604003906,447.82342529296875,318.348876953125,459.5459899902344,0,16,4
E:\SCHEMATICai\samples\CP-2600-2699\CP-2611-R1.pdf,8,612.0,792.0,to,320.7685852050781,447.82342529296875,328.9447326660156,459.5459899902344,0,16,5
E:\SCHEMATICai\samples\CP-2600-2699\CP-2611-R1.pdf,8,612.0,792.0,scroll,331.2702331542969,447.82342529296875,353.9381103515625,459.5459899902344,0,16,6
E:\SCHEMATICai\samples\CP-2600-2699\CP-2611-R1.pdf,8,612.0,792.0,through,356.3959655761719,447.82342529296875,388.22802734375,459.5459899902344,0,16,7
E:\SCHEMATICai\samples\CP-2600-2699\CP-2611-R1.pdf,8,612.0,792.0,blocks.,390.4920959472656,447.82342529296875,419.7191162109375,459.5459899902344,0,16,8
E:\SCHEMATICai\samples\CP-2600-2699\CP-2611-R1.pdf,8,612.0,792.0,Once,422.1039123535156,447.82342529296875,443.7901611328125,459.5459899902344,0,16,9
E:\SCHEMATICai\samples\CP-2600-2699\CP-2611-R1.pdf,8,612.0,792.0,desired,446.0499572753906,447.82342529296875,475.6168518066406,459.5459899902344,0,16,10
E:\SCHEMATICai\samples\CP-2600-2699\CP-2611-R1.pdf,8,612.0,792.0,block,477.8819885253906,447.82342529296875,500.7447204589844,459.5459899902344,0,16,11
E:\SCHEMATICai\samples\CP-2600-2699\CP-2611-R1.pdf,8,612.0,792.0,is,503.0702209472656,447.82342529296875,509.9978942871094,459.5459899902344,0,16,12
E:\SCHEMATICai\samples\CP-2600-2699\CP-2611-R1.pdf,8,612.0,792.0,found,186.77642822265625,459.943115234375,210.6706085205078,471.6656799316406,0,17,0
E:\SCHEMATICai\samples\CP-2600-2699\CP-2611-R1.pdf,8,612.0,792.0,press,213.05642700195312,459.943115234375,234.03530883789062,471.6656799316406,0,17,1
E:\SCHEMATICai\samples\CP-2600-2699\CP-2611-R1.pdf,8,612.0,792.0,“OK”.,236.4550018310547,459.943115234375,263.82244873046875,471.6656799316406,0,17,2
E:\SCHEMATICai\samples\CP-2600-2699\CP-2611-R1.pdf,8,612.0,792.0,Use,266.2157287597656,459.943115234375,282.3795471191406,471.6656799316406,0,17,3
E:\SCHEMATICai\samples\CP-2600-2699\CP-2611-R1.pdf,8,612.0,792.0,“LEFT”,284.6976013183594,459.943115234375,320.2973327636719,471.6656799316406,0,17,4
E:\SCHEMATICai\samples\CP-2600-2699\CP-2611-R1.pdf,8,612.0,792.0,and,322.6778259277344,459.943115234375,337.6343994140625,471.6656799316406,0,17,5
E:\SCHEMATICai\samples\CP-2600-2699\CP-2611-R1.pdf,8,612.0,792.0,“RIGHT”,340.0191650390625,459.943115234375,383.05706787109375,471.6656799316406,0,17,6
E:\SCHEMATICai\samples\CP-2600-2699\CP-2611-R1.pdf,8,612.0,792.0,arrow,385.43756103515625,459.943115234375,409.4852600097656,471.6656799316406,0,17,7
E:\SCHEMATICai\samples\CP-2600-2699\CP-2611-R1.pdf,8,612.0,792.0,keys,411.6783142089844,459.943115234375,430.4312744140625,471.6656799316406,0,17,8
E:\SCHEMATICai\samples\CP-2600-2699\CP-2611-R1.pdf,8,612.0,792.0,to,432.79058837890625,459.943115234375,440.9074401855469,471.6656799316406,0,17,9
E:\SCHEMATICai\samples\CP-2600-2699\CP-2611-R1.pdf,8,612.0,792.0,maneuver,443.2922058105469,459.943115234375,483.5365295410156,471.6656799316406,0,17,10
E:\SCHEMATICai\samples\CP-2600-2699\CP-2611-R1.pdf,8,612.0,792.0,around,485.950927734375,459.943115234375,514.3064575195312,471.6656799316406,0,17,11
E:\SCHEMATICai\samples\CP-2600-2699\CP-2611-R1.pdf,8,612.0,792.0,and,516.6922607421875,459.943115234375,531.5196533203125,471.6656799316406,0,17,12
E:\SCHEMATICai\samples\CP-2600-2699\CP-2611-R1.pdf,8,612.0,792.0,the,186.77537536621094,472.18353271484375,199.45947265625,483.9060974121094,0,18,0
E:\SCHEMATICai\samples\CP-2600-2699\CP-2611-R1.pdf,8,612.0,792.0,“UP,201.8389434814453,472.18353271484375,219.9438018798828,483.9060974121094,0,18,1
E:\SCHEMATICai\samples\CP-2600-2699\CP-2611-R1.pdf,8,612.0,792.0,and,222.1750030517578,472.18353271484375,237.1358642578125,483.9060974121094,0,18,2
E:\SCHEMATICai\samples\CP-2600-2699\CP-2611-R1.pdf,8,612.0,792.0,“DOWN”,239.5799102783203,472.18353271484375,281.4158630371094,483.9060974121094,0,18,3
E:\SCHEMATICai\samples\CP-2600-2699\CP-2611-R1.pdf,8,612.0,792.0,keys,283.73602294921875,472.18353271484375,302.5218505859375,483.9060974121094,0,18,4
E:\SCHEMATICai\samples\CP-2600-2699\CP-2611-R1.pdf,8,612.0,792.0,to,304.9415283203125,472.18353271484375,313.07000732421875,483.9060974121094,0,18,5
E:\SCHEMATICai\samples\CP-2600-2699\CP-2611-R1.pdf,8,612.0,792.0,change,315.3954772949219,472.18353271484375,344.40020751953125,483.9060974121094,0,18,6
E:\SCHEMATICai\samples\CP-2600-2699\CP-2611-R1.pdf,8,612.0,792.0,the,346.65997314453125,472.18353271484375,359.2350158691406,483.9060974121094,0,18,7
E:\SCHEMATICai\samples\CP-2600-2699\CP-2611-R1.pdf,8,612.0,792.0,parameter.,361.55517578125,472.18353271484375,404.8917236328125,483.9060974121094,0,18,8
E:\SCHEMATICai\samples\CP-2600-2699\CP-2611-R1.pdf,8,612.0,792.0,Once,407.3018798828125,472.18353271484375,428.98394775390625,483.9060974121094,0,18,9
E:\SCHEMATICai\samples\CP-2600-2699\CP-2611-R1.pdf,8,612.0,792.0,parameter,431.24371337890625,472.18353271484375,472.0429992675781,483.9060974121094,0,18,10
E:\SCHEMATICai\samples\CP-2600-2699\CP-2611-R1.pdf,8,612.0,792.0,is,474.4531555175781,472.18353271484375,481.4062194824219,483.9060974121094,0,18,11
E:\SCHEMATICai\samples\CP-2600-2699\CP-2611-R1.pdf,8,612.0,792.0,set,483.8163757324219,472.18353271484375,495.210693359375,483.9060974121094,0,18,12
E:\SCHEMATICai\samples\CP-2600-2699\CP-2611-R1.pdf,8,612.0,792.0,press,497.620849609375,472.18353271484375,518.6600952148438,483.9060974121094,0,18,13
E:\SCHEMATICai\samples\CP-2600-2699\CP-2611-R1.pdf,8,612.0,792.0,“OK”.,186.7742919921875,484.30322265625,214.2032012939453,496.0257873535156,0,19,0
E:\SCHEMATICai\samples\CP-2600-2699\CP-2611-R1.pdf,8,612.0,792.0,Now,216.59645080566406,484.30322265625,236.72073364257812,496.0257873535156,0,19,1
E:\SCHEMATICai\samples\CP-2600-2699\CP-2611-R1.pdf,8,612.0,792.0,you,238.97312927246094,484.30322265625,254.3480224609375,496.0257873535156,0,19,2
E:\SCHEMATICai\samples\CP-2600-2699\CP-2611-R1.pdf,8,612.0,792.0,may,256.731689453125,484.30322265625,274.3896484375,496.0257873535156,0,19,3
E:\SCHEMATICai\samples\CP-2600-2699\CP-2611-R1.pdf,8,612.0,792.0,continue,276.7733459472656,484.30322265625,312.01947021484375,496.0257873535156,0,19,4
E:\SCHEMATICai\samples\CP-2600-2699\CP-2611-R1.pdf,8,612.0,792.0,to,314.39996337890625,484.30322265625,322.5019836425781,496.0257873535156,0,19,5
E:\SCHEMATICai\samples\CP-2600-2699\CP-2611-R1.pdf,8,612.0,792.0,scroll,324.8253173828125,484.30322265625,347.5842590332031,496.0257873535156,0,19,6
E:\SCHEMATICai\samples\CP-2600-2699\CP-2611-R1.pdf,8,612.0,792.0,the,350.0420837402344,484.30322265625,362.7092590332031,496.0257873535156,0,19,7
E:\SCHEMATICai\samples\CP-2600-2699\CP-2611-R1.pdf,8,612.0,792.0,blocks.,364.9690246582031,484.30322265625,394.2998046875,496.0257873535156,0,19,8
E:\SCHEMATICai\samples\CP-2600-2699\CP-2611-R1.pdf,8,612.0,792.0,Once,396.6835021972656,484.30322265625,418.30511474609375,496.0257873535156,0,19,9
E:\SCHEMATICai\samples\CP-2600-2699\CP-2611-R1.pdf,8,612.0,792.0,scrolling,420.625244140625,484.30322265625,456.29705810546875,496.0257873535156,0,19,10
E:\SCHEMATICai\samples\CP-2600-2699\CP-2611-R1.pdf,8,612.0,792.0,is,458.6225280761719,484.30322265625,465.54913330078125,496.0257873535156,0,19,11
E:\SCHEMATICai\samples\CP-2600-2699\CP-2611-R1.pdf,8,612.0,792.0,complete,467.93280029296875,484.30322265625,505.3285217285156,496.0257873535156,0,19,12
E:\SCHEMATICai\samples\CP-2600-2699\CP-2611-R1.pdf,8,612.0,792.0,press,507.7090148925781,484.30322265625,528.6879272460938,496.0257873535156,0,19,13
E:\SCHEMATICai\samples\CP-2600-2699\CP-2611-R1.pdf,8,612.0,792.0,“ESC”.,186.77427673339844,496.42291259765625,218.1318817138672,508.1454772949219,0,20,0
E:\SCHEMATICai\samples\CP-2600-2699\CP-2611-R1.pdf,8,612.0,792.0,To,220.5844268798828,496.42291259765625,232.0613250732422,508.1454772949219,0,20,1
E:\SCHEMATICai\samples\CP-2600-2699\CP-2611-R1.pdf,8,612.0,792.0,return,234.38677978515625,496.42291259765625,258.99993896484375,508.1454772949219,0,20,2
E:\SCHEMATICai\samples\CP-2600-2699\CP-2611-R1.pdf,8,612.0,792.0,to,261.34869384765625,496.42291259765625,269.415771484375,508.1454772949219,0,20,3
E:\SCHEMATICai\samples\CP-2600-2699\CP-2611-R1.pdf,8,612.0,792.0,the,271.7645263671875,496.42291259765625,284.36181640625,508.1454772949219,0,20,4
E:\SCHEMATICai\samples\CP-2600-2699\CP-2611-R1.pdf,8,612.0,792.0,main,286.7105407714844,496.42291259765625,307.1895446777344,508.1454772949219,0,20,5
E:\SCHEMATICai\samples\CP-2600-2699\CP-2611-R1.pdf,8,612.0,792.0,screen,309.5753479003906,496.42291259765625,335.6741943359375,508.1454772949219,0,20,6
E:\SCHEMATICai\samples\CP-2600-2699\CP-2611-R1.pdf,8,612.0,792.0,press,337.96258544921875,496.42291259765625,359.0198059082031,508.1454772949219,0,20,7
E:\SCHEMATICai\samples\CP-2600-2699\CP-2611-R1.pdf,8,612.0,792.0,“ESC”,361.3187561035156,496.42291259765625,390.3161315917969,508.1454772949219,0,20,8
E:\SCHEMATICai\samples\CP-2600-2699\CP-2611-R1.pdf,8,612.0,792.0,again.,392.6405029296875,496.42291259765625,417.4241943359375,508.1454772949219,0,20,9
E:\SCHEMATICai\samples\CP-2600-2699\CP-2611-R1.pdf,8,612.0,792.0,Chart,160.61502075195312,508.84332275390625,185.09580993652344,520.56591796875,0,21,0
E:\SCHEMATICai\samples\CP-2600-2699\CP-2611-R1.pdf,8,612.0,792.0,1,187.43399047851562,508.84332275390625,192.72874450683594,520.56591796875,0,21,1
E:\SCHEMATICai\samples\CP-2600-2699\CP-2611-R1.pdf,8,612.0,792.0,Notes:,160.61502075195312,627.4033813476562,187.31857299804688,639.1259765625,1,0,0
E:\SCHEMATICai\samples\CP-2600-2699\CP-2611-R1.pdf,8,612.0,792.0,1),173.6999969482422,639.524658203125,182.32620239257812,651.2472534179688,1,1,0
E:\SCHEMATICai\samples\CP-2600-2699\CP-2611-R1.pdf,8,612.0,792.0,To,186.78013610839844,639.524658203125,198.25704956054688,651.2472534179688,1,1,1
E:\SCHEMATICai\samples\CP-2600-2699\CP-2611-R1.pdf,8,612.0,792.0,view,200.58248901367188,639.524658203125,220.75230407714844,651.2472534179688,1,1,2
E:\SCHEMATICai\samples\CP-2600-2699\CP-2611-R1.pdf,8,612.0,792.0,"inputs,",222.9453887939453,639.524658203125,250.49925231933594,651.2472534179688,1,1,3
E:\SCHEMATICai\samples\CP-2600-2699\CP-2611-R1.pdf,8,612.0,792.0,at,252.88082885742188,639.524658203125,260.3262939453125,651.2472534179688,1,1,4
E:\SCHEMATICai\samples\CP-2600-2699\CP-2611-R1.pdf,8,612.0,792.0,the,262.7237548828125,639.524658203125,275.3866882324219,651.2472534179688,1,1,5
E:\SCHEMATICai\samples\CP-2600-2699\CP-2611-R1.pdf,8,612.0,792.0,main,277.76617431640625,639.524658203125,298.1858825683594,651.2472534179688,1,1,6
E:\SCHEMATICai\samples\CP-2600-2699\CP-2611-R1.pdf,8,612.0,792.0,screen,300.5717468261719,639.524658203125,326.7733154296875,651.2472534179688,1,1,7
E:\SCHEMATICai\samples\CP-2600-2699\CP-2611-R1.pdf,8,612.0,792.0,(clock,329.1591796875,639.524658203125,354.60150146484375,651.2472534179688,1,1,8
E:\SCHEMATICai\samples\CP-2600-2699\CP-2611-R1.pdf,8,612.0,792.0,showing),356.98736572265625,639.524658203125,394.9994201660156,651.2472534179688,1,1,9
E:\SCHEMATICai\samples\CP-2600-2699\CP-2611-R1.pdf,8,612.0,792.0,press,397.3206481933594,639.524658203125,418.4054260253906,651.2472534179688,1,1,10
E:\SCHEMATICai\samples\CP-2600-2699\CP-2611-R1.pdf,8,612.0,792.0,the,420.6662902832031,639.524658203125,433.4096984863281,651.2472534179688,1,1,11
E:\SCHEMATICai\samples\CP-2600-2699\CP-2611-R1.pdf,8,612.0,792.0,“RIGHT”,435.7298583984375,639.524658203125,478.7612609863281,651.2472534179688,1,1,12
E:\SCHEMATICai\samples\CP-2600-2699\CP-2611-R1.pdf,8,612.0,792.0,arrow,481.02423095703125,639.524658203125,505.17254638671875,651.2472534179688,1,1,13
E:\SCHEMATICai\samples\CP-2600-2699\CP-2611-R1.pdf,8,612.0,792.0,key.,507.2449035644531,639.524658203125,524.5322875976562,651.2472534179688,1,1,14
E:\SCHEMATICai\samples\CP-2600-2699\CP-2611-R1.pdf,8,612.0,792.0,To,186.78012084960938,651.6443481445312,198.25701904296875,663.366943359375,1,2,0
E:\SCHEMATICai\samples\CP-2600-2699\CP-2611-R1.pdf,8,612.0,792.0,return,200.5824737548828,651.6443481445312,225.08448791503906,663.366943359375,1,2,1
E:\SCHEMATICai\samples\CP-2600-2699\CP-2611-R1.pdf,8,612.0,792.0,to,227.40994262695312,651.6443481445312,235.51832580566406,663.366943359375,1,2,2
E:\SCHEMATICai\samples\CP-2600-2699\CP-2611-R1.pdf,8,612.0,792.0,main,237.84378051757812,651.6443481445312,258.3238830566406,663.366943359375,1,2,3
E:\SCHEMATICai\samples\CP-2600-2699\CP-2611-R1.pdf,8,612.0,792.0,screen,260.7086181640625,651.6443481445312,286.9367370605469,663.366943359375,1,2,4
E:\SCHEMATICai\samples\CP-2600-2699\CP-2611-R1.pdf,8,612.0,792.0,press,289.2018127441406,651.6443481445312,310.31201171875,663.366943359375,1,2,5
E:\SCHEMATICai\samples\CP-2600-2699\CP-2611-R1.pdf,8,612.0,792.0,“LEFT”,312.7020568847656,651.6443481445312,348.2615661621094,663.366943359375,1,2,6
E:\SCHEMATICai\samples\CP-2600-2699\CP-2611-R1.pdf,8,612.0,792.0,arrow,350.6505432128906,651.6443481445312,374.7236633300781,663.366943359375,1,2,7
E:\SCHEMATICai\samples\CP-2600-2699\CP-2611-R1.pdf,8,612.0,792.0,key.,376.916748046875,651.6443481445312,394.21044921875,663.366943359375,1,2,8
E:\SCHEMATICai\samples\CP-2600-2699\CP-2611-R1.pdf,8,612.0,792.0,2),173.6999969482422,663.7640380859375,182.32620239257812,675.4866333007812,1,3,0
E:\SCHEMATICai\samples\CP-2600-2699\CP-2611-R1.pdf,8,612.0,792.0,To,186.78013610839844,663.7640380859375,198.25704956054688,675.4866333007812,1,3,1
E:\SCHEMATICai\samples\CP-2600-2699\CP-2611-R1.pdf,8,612.0,792.0,view,200.58250427246094,663.7640380859375,220.75868225097656,675.4866333007812,1,3,2
E:\SCHEMATICai\samples\CP-2600-2699\CP-2611-R1.pdf,8,612.0,792.0,"outputs,",222.9517822265625,663.7640380859375,255.54837036132812,675.4866333007812,1,3,3
E:\SCHEMATICai\samples\CP-2600-2699\CP-2611-R1.pdf,8,612.0,792.0,at,257.93206787109375,663.7640380859375,265.4410705566406,675.4866333007812,1,3,4
E:\SCHEMATICai\samples\CP-2600-2699\CP-2611-R1.pdf,8,612.0,792.0,the,267.764404296875,663.7640380859375,280.3871154785156,675.4866333007812,1,3,5
E:\SCHEMATICai\samples\CP-2600-2699\CP-2611-R1.pdf,8,612.0,792.0,main,282.830078125,663.7640380859375,303.3101501464844,675.4866333007812,1,3,6
E:\SCHEMATICai\samples\CP-2600-2699\CP-2611-R1.pdf,8,612.0,792.0,screen,305.6356201171875,663.7640380859375,331.6867980957031,675.4866333007812,1,3,7
E:\SCHEMATICai\samples\CP-2600-2699\CP-2611-R1.pdf,8,612.0,792.0,(clock,334.0726013183594,663.7640380859375,359.72882080078125,675.4866333007812,1,3,8
E:\SCHEMATICai\samples\CP-2600-2699\CP-2611-R1.pdf,8,612.0,792.0,showing),361.993896484375,663.7640380859375,400.0239562988281,675.4866333007812,1,3,9
E:\SCHEMATICai\samples\CP-2600-2699\CP-2611-R1.pdf,8,612.0,792.0,press,402.4669494628906,663.7640380859375,423.4490051269531,675.4866333007812,1,3,10
E:\SCHEMATICai\samples\CP-2600-2699\CP-2611-R1.pdf,8,612.0,792.0,the,425.8326721191406,663.7640380859375,438.4998474121094,675.4866333007812,1,3,11
E:\SCHEMATICai\samples\CP-2600-2699\CP-2611-R1.pdf,8,612.0,792.0,“RIGHT”,440.8199768066406,663.7640380859375,483.8008117675781,675.4866333007812,1,3,12
E:\SCHEMATICai\samples\CP-2600-2699\CP-2611-R1.pdf,8,612.0,792.0,arrow,486.1632995605469,663.7640380859375,510.2268981933594,675.4866333007812,1,3,13
E:\SCHEMATICai\samples\CP-2600-2699\CP-2611-R1.pdf,8,612.0,792.0,key,512.419921875,663.7640380859375,527.2557983398438,675.4866333007812,1,3,14
E:\SCHEMATICai\samples\CP-2600-2699\CP-2611-R1.pdf,8,612.0,792.0,twice.,186.77908325195312,675.8837280273438,211.49815368652344,687.6063232421875,1,4,0
E:\SCHEMATICai\samples\CP-2600-2699\CP-2611-R1.pdf,8,612.0,792.0,To,213.8914031982422,675.8837280273438,225.36830139160156,687.6063232421875,1,4,1
E:\SCHEMATICai\samples\CP-2600-2699\CP-2611-R1.pdf,8,612.0,792.0,return,227.75411987304688,675.8837280273438,252.1258544921875,687.6063232421875,1,4,2
E:\SCHEMATICai\samples\CP-2600-2699\CP-2611-R1.pdf,8,612.0,792.0,to,254.4322509765625,675.8837280273438,262.5491027832031,687.6063232421875,1,4,3
E:\SCHEMATICai\samples\CP-2600-2699\CP-2611-R1.pdf,8,612.0,792.0,main,264.9349060058594,675.8837280273438,285.4742736816406,687.6063232421875,1,4,4
E:\SCHEMATICai\samples\CP-2600-2699\CP-2611-R1.pdf,8,612.0,792.0,screen,287.7393798828125,675.8837280273438,313.90386962890625,687.6063232421875,1,4,5
E:\SCHEMATICai\samples\CP-2600-2699\CP-2611-R1.pdf,8,612.0,792.0,press,316.1689453125,675.8837280273438,337.3150939941406,687.6063232421875,1,4,6
E:\SCHEMATICai\samples\CP-2600-2699\CP-2611-R1.pdf,8,612.0,792.0,“LEFT”,339.7347717285156,675.8837280273438,375.3209228515625,687.6063232421875,1,4,7
E:\SCHEMATICai\samples\CP-2600-2699\CP-2611-R1.pdf,8,612.0,792.0,arrow,377.7014465332031,675.8837280273438,401.7893981933594,687.6063232421875,1,4,8
E:\SCHEMATICai\samples\CP-2600-2699\CP-2611-R1.pdf,8,612.0,792.0,key,403.98248291015625,675.8837280273438,418.87872314453125,687.6063232421875,1,4,9
E:\SCHEMATICai\samples\CP-2600-2699\CP-2611-R1.pdf,8,612.0,792.0,twice.,421.0241394042969,675.8837280273438,445.814208984375,687.6063232421875,1,4,10
E:\SCHEMATICai\samples\CP-2600-2699\CP-2611-R1.pdf,8,612.0,792.0,3),173.2806854248047,688.00341796875,181.90689086914062,699.7260131835938,1,5,0
E:\SCHEMATICai\samples\CP-2600-2699\CP-2611-R1.pdf,8,612.0,792.0,Earlier,186.84161376953125,688.00341796875,214.76502990722656,699.7260131835938,1,5,1
E:\SCHEMATICai\samples\CP-2600-2699\CP-2611-R1.pdf,8,612.0,792.0,versions,217.11907958984375,688.00341796875,251.0181884765625,699.7260131835938,1,5,2
E:\SCHEMATICai\samples\CP-2600-2699\CP-2611-R1.pdf,8,612.0,792.0,of,253.43789672851562,688.00341796875,262.1244812011719,699.7260131835938,1,5,3
E:\SCHEMATICai\samples\CP-2600-2699\CP-2611-R1.pdf,8,612.0,792.0,the,264.41815185546875,688.00341796875,277.0408630371094,699.7260131835938,1,5,4
E:\SCHEMATICai\samples\CP-2600-2699\CP-2611-R1.pdf,8,612.0,792.0,PLC,279.4202880859375,688.00341796875,298.32257080078125,699.7260131835938,1,5,5
E:\SCHEMATICai\samples\CP-2600-2699\CP-2611-R1.pdf,8,612.0,792.0,had,300.5834045410156,688.00341796875,315.4796447753906,699.7260131835938,1,5,6
E:\SCHEMATICai\samples\CP-2600-2699\CP-2611-R1.pdf,8,612.0,792.0,the,317.80511474609375,688.00341796875,330.4892578125,699.7260131835938,1,5,7
E:\SCHEMATICai\samples\CP-2600-2699\CP-2611-R1.pdf,8,612.0,792.0,"inputs,",332.80938720703125,688.00341796875,360.3495178222656,699.7260131835938,1,5,8
E:\SCHEMATICai\samples\CP-2600-2699\CP-2611-R1.pdf,8,612.0,792.0,outputs,362.74273681640625,688.00341796875,392.8360290527344,699.7260131835938,1,5,9
E:\SCHEMATICai\samples\CP-2600-2699\CP-2611-R1.pdf,8,612.0,792.0,and,395.254638671875,688.00341796875,410.0269775390625,699.7260131835938,1,5,10
E:\SCHEMATICai\samples\CP-2600-2699\CP-2611-R1.pdf,8,612.0,792.0,clock,412.3524475097656,688.00341796875,434.5723876953125,699.7260131835938,1,5,11
E:\SCHEMATICai\samples\CP-2600-2699\CP-2611-R1.pdf,8,612.0,792.0,on,436.9582214355469,688.00341796875,447.28826904296875,699.7260131835938,1,5,12
E:\SCHEMATICai\samples\CP-2600-2699\CP-2611-R1.pdf,8,612.0,792.0,the,449.6137390136719,688.00341796875,462.2978820800781,699.7260131835938,1,5,13
E:\SCHEMATICai\samples\CP-2600-2699\CP-2611-R1.pdf,8,612.0,792.0,main,186.06103515625,700.2437744140625,206.47865295410156,711.9663696289062,1,6,0
E:\SCHEMATICai\samples\CP-2600-2699\CP-2611-R1.pdf,8,612.0,792.0,screen,208.87399291992188,700.2437744140625,235.00889587402344,711.9663696289062,1,6,1
E:\SCHEMATICai\samples\CP-2600-2699\CP-2611-R1.pdf,8,612.0,792.0,upon,237.3946990966797,700.2437744140625,257.9383544921875,711.9663696289062,1,6,2
E:\SCHEMATICai\samples\CP-2600-2699\CP-2611-R1.pdf,8,612.0,792.0,power,262.7333068847656,700.2437744140625,288.43402099609375,711.9663696289062,1,6,3
E:\SCHEMATICai\samples\CP-2600-2699\CP-2611-R1.pdf,8,612.0,792.0,up.,290.7086486816406,700.2437744140625,303.55584716796875,711.9663696289062,1,6,4
E:\SCHEMATICai\samples\CP-2600-2699\CP-2611-R1.pdf,8,612.0,792.0,Word/Setting,160.6199951171875,724.3770141601562,192.16014099121094,731.08984375,1,8,0
E:\SCHEMATICai\samples\CP-2600-2699\CP-2611-R1.pdf,8,612.0,792.0,the,193.3881072998047,724.3770141601562,200.7012939453125,731.08984375,1,8,1
E:\SCHEMATICai\samples\CP-2600-2699\CP-2611-R1.pdf,8,612.0,792.0,PLC,201.9698944091797,724.3770141601562,212.674072265625,731.08984375,1,8,2
E:\SCHEMATICai\samples\CP-2600-2699\CP-2611-R1.pdf,8,612.0,792.0,with,214.02996826171875,724.3770141601562,224.43519592285156,731.08984375,1,8,3
E:\SCHEMATICai\samples\CP-2600-2699\CP-2611-R1.pdf,8,612.0,792.0,view,225.84326171875,724.3770141601562,237.30303955078125,731.08984375,1,8,4
E:\SCHEMATICai\samples\CP-2600-2699\CP-2611-R1.pdf,8,612.0,792.0,of,238.4442901611328,724.3770141601562,243.34341430664062,731.08984375,1,8,5
E:\SCHEMATICai\samples\CP-2600-2699\CP-2611-R1.pdf,8,612.0,792.0,PLC,244.7441864013672,724.3770141601562,255.50840759277344,731.08984375,1,8,6
E:\SCHEMATICai\samples\CP-2600-2699\CP-2611-R1.pdf,8,612.0,792.0,Earlier,168.72000122070312,532.3646850585938,196.52383422851562,544.0872802734375,2,0,0
E:\SCHEMATICai\samples\CP-2600-2699\CP-2611-R1.pdf,8,612.0,792.0,versions,198.938232421875,532.3646850585938,232.92947387695312,544.0872802734375,2,0,1
E:\SCHEMATICai\samples\CP-2600-2699\CP-2611-R1.pdf,8,612.0,792.0,of,235.34915161132812,532.3646850585938,244.0357208251953,544.0872802734375,2,0,2
E:\SCHEMATICai\samples\CP-2600-2699\CP-2611-R1.pdf,8,612.0,792.0,the,246.32940673828125,532.3646850585938,258.95208740234375,544.0872802734375,2,0,3
E:\SCHEMATICai\samples\CP-2600-2699\CP-2611-R1.pdf,8,612.0,792.0,PLC,261.3326110839844,532.3646850585938,280.2158203125,544.0872802734375,2,0,4
E:\SCHEMATICai\samples\CP-2600-2699\CP-2611-R1.pdf,8,612.0,792.0,required,282.453369140625,532.3646850585938,316.63836669921875,544.0872802734375,2,0,5
E:\SCHEMATICai\samples\CP-2600-2699\CP-2611-R1.pdf,8,612.0,792.0,different,318.9013366699219,532.3646850585938,354.0425720214844,544.0872802734375,2,0,6
E:\SCHEMATICai\samples\CP-2600-2699\CP-2611-R1.pdf,8,612.0,792.0,key,356.3796691894531,532.3646850585938,371.33624267578125,544.0872802734375,2,0,7
E:\SCHEMATICai\samples\CP-2600-2699\CP-2611-R1.pdf,8,612.0,792.0,combinations,373.5420227050781,532.3646850585938,428.5364074707031,544.0872802734375,2,0,8
E:\SCHEMATICai\samples\CP-2600-2699\CP-2611-R1.pdf,8,612.0,792.0,to,430.8597412109375,532.3646850585938,439.035888671875,544.0872802734375,2,0,9
E:\SCHEMATICai\samples\CP-2600-2699\CP-2611-R1.pdf,8,612.0,792.0,enter,441.42169189453125,532.3646850585938,461.81280517578125,544.0872802734375,2,0,10
E:\SCHEMATICai\samples\CP-2600-2699\CP-2611-R1.pdf,8,612.0,792.0,into,464.2272033691406,532.3646850585938,480.176025390625,544.0872802734375,2,0,11
E:\SCHEMATICai\samples\CP-2600-2699\CP-2611-R1.pdf,8,612.0,792.0,program,168.72000122070312,544.544677734375,203.60076904296875,556.2672729492188,2,1,0
E:\SCHEMATICai\samples\CP-2600-2699\CP-2611-R1.pdf,8,612.0,792.0,"mode,",208.26437377929688,544.544677734375,233.47161865234375,556.2672729492188,2,1,1
E:\SCHEMATICai\samples\CP-2600-2699\CP-2611-R1.pdf,8,612.0,792.0,with,235.86483764648438,544.544677734375,254.24081420898438,556.2672729492188,2,1,2
E:\SCHEMATICai\samples\CP-2600-2699\CP-2611-R1.pdf,8,612.0,792.0,the,256.50592041015625,544.544677734375,269.1889953613281,556.2672729492188,2,1,3
E:\SCHEMATICai\samples\CP-2600-2699\CP-2611-R1.pdf,8,612.0,792.0,clock,271.44879150390625,544.544677734375,293.6687316894531,556.2672729492188,2,1,4
E:\SCHEMATICai\samples\CP-2600-2699\CP-2611-R1.pdf,8,612.0,792.0,"showing,",296.0545959472656,544.544677734375,333.1528015136719,556.2672729492188,2,1,5
E:\SCHEMATICai\samples\CP-2600-2699\CP-2611-R1.pdf,8,612.0,792.0,press,335.6053771972656,544.544677734375,356.6678771972656,556.2672729492188,2,1,6
E:\SCHEMATICai\samples\CP-2600-2699\CP-2611-R1.pdf,8,612.0,792.0,the,359.0272216796875,544.544677734375,371.6499328613281,556.2672729492188,2,1,7
E:\SCHEMATICai\samples\CP-2600-2699\CP-2611-R1.pdf,8,612.0,792.0,following:,373.9711608886719,544.544677734375,416.42767333984375,556.2672729492188,2,1,8
E:\SCHEMATICai\samples\CP-2600-2699\CP-2611-R1.pdf,8,612.0,792.0,PLC,155.6402587890625,568.8444213867188,174.5838165283203,580.5670166015625,2,3,0
E:\SCHEMATICai\samples\CP-2600-2699\CP-2611-R1.pdf,8,612.0,792.0,Identification,176.8213653564453,568.8444213867188,231.86978149414062,580.5670166015625,2,3,1
E:\SCHEMATICai\samples\CP-2600-2699\CP-2611-R1.pdf,8,612.0,792.0,OBA00,155.64010620117188,580.9644165039062,187.51132202148438,592.68701171875,2,4,0
E:\SCHEMATICai\samples\CP-2600-2699\CP-2611-R1.pdf,8,612.0,792.0,Press,225.84002685546875,580.9646606445312,247.468017578125,592.687255859375,2,5,0
E:\SCHEMATICai\samples\CP-2600-2699\CP-2611-R1.pdf,8,612.0,792.0,“OK”,249.89935302734375,580.9646606445312,276.0776672363281,592.687255859375,2,5,1
E:\SCHEMATICai\samples\CP-2600-2699\CP-2611-R1.pdf,8,612.0,792.0,and,278.459228515625,580.9646606445312,293.23370361328125,592.687255859375,2,5,2
E:\SCHEMATICai\samples\CP-2600-2699\CP-2611-R1.pdf,8,612.0,792.0,“LEFT”,295.55914306640625,580.9646606445312,332.41693115234375,592.687255859375,2,5,3
E:\SCHEMATICai\samples\CP-2600-2699\CP-2611-R1.pdf,8,612.0,792.0,and,334.7392272949219,580.9646606445312,349.6375732421875,592.687255859375,2,5,4
E:\SCHEMATICai\samples\CP-2600-2699\CP-2611-R1.pdf,8,612.0,792.0,“RIGHT”,352.0191650390625,580.9646606445312,396.1943054199219,592.687255859375,2,5,5
E:\SCHEMATICai\samples\CP-2600-2699\CP-2611-R1.pdf,8,612.0,792.0,arrow,398.5791015625,580.9646606445312,422.6151428222656,592.687255859375,2,5,6
E:\SCHEMATICai\samples\CP-2600-2699\CP-2611-R1.pdf,8,612.0,792.0,keys,424.8082275390625,580.9646606445312,443.6120300292969,592.687255859375,2,5,7
E:\SCHEMATICai\samples\CP-2600-2699\CP-2611-R1.pdf,8,612.0,792.0,(at,446.0306701660156,580.9646606445312,456.9103088378906,592.687255859375,2,5,8
E:\SCHEMATICai\samples\CP-2600-2699\CP-2611-R1.pdf,8,612.0,792.0,the,459.2241516113281,580.9646606445312,471.8722839355469,592.687255859375,2,5,9
E:\SCHEMATICai\samples\CP-2600-2699\CP-2611-R1.pdf,8,612.0,792.0,same,474.2464599609375,580.9646606445312,495.2189636230469,592.687255859375,2,5,10
E:\SCHEMATICai\samples\CP-2600-2699\CP-2611-R1.pdf,8,612.0,792.0,time),497.5994873046875,580.9646606445312,519.1322021484375,592.687255859375,2,5,11
E:\SCHEMATICai\samples\CP-2600-2699\CP-2611-R1.pdf,8,612.0,792.0,OBA1,155.6389923095703,593.0843505859375,182.35736083984375,604.8069458007812,2,6,0
E:\SCHEMATICai\samples\CP-2600-2699\CP-2611-R1.pdf,8,612.0,792.0,–,184.74317932128906,593.0843505859375,190.03793334960938,604.8069458007812,2,6,1
E:\SCHEMATICai\samples\CP-2600-2699\CP-2611-R1.pdf,8,612.0,792.0,OBA2,192.4237518310547,593.0843505859375,219.11354064941406,604.8069458007812,2,6,2
E:\SCHEMATICai\samples\CP-2600-2699\CP-2611-R1.pdf,8,612.0,792.0,Press,226.5601806640625,593.0846557617188,248.07699584960938,604.8072509765625,2,6,3
E:\SCHEMATICai\samples\CP-2600-2699\CP-2611-R1.pdf,8,612.0,792.0,“ESC”,250.49989318847656,593.0846557617188,280.56982421875,604.8072509765625,2,6,4
E:\SCHEMATICai\samples\CP-2600-2699\CP-2611-R1.pdf,8,612.0,792.0,and,282.95989990234375,593.0846557617188,297.85931396484375,604.8072509765625,2,6,5
E:\SCHEMATICai\samples\CP-2600-2699\CP-2611-R1.pdf,8,612.0,792.0,“OK”,300.12017822265625,593.0846557617188,326.29852294921875,604.8072509765625,2,6,6
E:\SCHEMATICai\samples\CP-2600-2699\CP-2611-R1.pdf,8,612.0,792.0,keys,328.5603942871094,593.0846557617188,347.32177734375,604.8072509765625,2,6,7
E:\SCHEMATICai\samples\CP-2600-2699\CP-2611-R1.pdf,8,612.0,792.0,(at,349.7414855957031,593.0846557617188,360.6327819824219,604.8072509765625,2,6,8
E:\SCHEMATICai\samples\CP-2600-2699\CP-2611-R1.pdf,8,612.0,792.0,the,363.0726013183594,593.0846557617188,375.69635009765625,604.8072509765625,2,6,9
E:\SCHEMATICai\samples\CP-2600-2699\CP-2611-R1.pdf,8,612.0,792.0,same,377.95611572265625,593.0846557617188,398.99957275390625,604.8072509765625,2,6,10
E:\SCHEMATICai\samples\CP-2600-2699\CP-2611-R1.pdf,8,612.0,792.0,time),401.3197021484375,593.0846557617188,422.93603515625,604.8072509765625,2,6,11
E:\SCHEMATICai\samples\CP-2600-2699\CP-2611-R1.pdf,8,612.0,792.0,OBA3,155.64126586914062,605.6851196289062,182.35963439941406,617.40771484375,2,7,0
E:\SCHEMATICai\samples\CP-2600-2699\CP-2611-R1.pdf,8,612.0,792.0,–,184.74545288085938,605.6851196289062,190.0402069091797,617.40771484375,2,7,1
E:\SCHEMATICai\samples\CP-2600-2699\CP-2611-R1.pdf,8,612.0,792.0,OBA5,192.426025390625,605.6851196289062,219.11581420898438,617.40771484375,2,7,2
E:\SCHEMATICai\samples\CP-2600-2699\CP-2611-R1.pdf,8,612.0,792.0,Press,226.5601806640625,605.6846313476562,248.07699584960938,617.4072265625,2,7,3
E:\SCHEMATICai\samples\CP-2600-2699\CP-2611-R1.pdf,8,612.0,792.0,“ESC”,250.49989318847656,605.6846313476562,280.56982421875,617.4072265625,2,7,4
E:\SCHEMATICai\samples\CP-2600-2699\CP-2611-R1.pdf,8,612.0,792.0,key,282.95989990234375,605.6846313476562,297.90802001953125,617.4072265625,2,7,5
E:\SCHEMATICai\samples\CP-2600-2699\CP-2611-R1.pdf,8,612.0,792.0,(once),300.11383056640625,605.6846313476562,326.2783508300781,617.4072265625,2,7,6
E:\SCHEMATICai\samples\CP-2600-2699\CP-2611r2 COMPLETE.pdf,8,612.0,792.0,Upon,63.18000030517578,308.2791748046875,88.8856430053711,321.62384033203125,0,0,0
E:\SCHEMATICai\samples\CP-2600-2699\CP-2611r2 COMPLETE.pdf,8,612.0,792.0,power,91.5280532836914,308.2791748046875,120.38121795654297,321.62384033203125,0,0,1
E:\SCHEMATICai\samples\CP-2600-2699\CP-2611r2 COMPLETE.pdf,8,612.0,792.0,up,122.98625946044922,308.2791748046875,134.7131805419922,321.62384033203125,0,0,2
E:\SCHEMATICai\samples\CP-2600-2699\CP-2611r2 COMPLETE.pdf,8,612.0,792.0,the,137.2061004638672,308.2791748046875,151.5597381591797,321.62384033203125,0,0,3
E:\SCHEMATICai\samples\CP-2600-2699\CP-2611r2 COMPLETE.pdf,8,612.0,792.0,clock,154.16477966308594,308.2791748046875,179.1712646484375,321.62384033203125,0,0,4
E:\SCHEMATICai\samples\CP-2600-2699\CP-2611r2 COMPLETE.pdf,8,612.0,792.0,screen,181.7762908935547,308.2791748046875,211.3406982421875,321.62384033203125,0,0,5
E:\SCHEMATICai\samples\CP-2600-2699\CP-2611r2 COMPLETE.pdf,8,612.0,792.0,may,213.9457244873047,308.2791748046875,233.8976287841797,321.62384033203125,0,0,6
E:\SCHEMATICai\samples\CP-2600-2699\CP-2611r2 COMPLETE.pdf,8,612.0,792.0,not,236.30014038085938,308.2791748046875,251.2167510986328,321.62384033203125,0,0,7
E:\SCHEMATICai\samples\CP-2600-2699\CP-2611r2 COMPLETE.pdf,8,612.0,792.0,be,253.800537109375,308.2791748046875,264.85235595703125,321.62384033203125,0,0,8
E:\SCHEMATICai\samples\CP-2600-2699\CP-2611r2 COMPLETE.pdf,8,612.0,792.0,displayed.,267.3959045410156,308.2791748046875,314.42047119140625,321.62384033203125,0,0,9
E:\SCHEMATICai\samples\CP-2600-2699\CP-2611r2 COMPLETE.pdf,8,612.0,792.0,The,317.0327453613281,308.2791748046875,335.1064758300781,321.62384033203125,0,0,10
E:\SCHEMATICai\samples\CP-2600-2699\CP-2611r2 COMPLETE.pdf,8,612.0,792.0,clock,337.71875,308.2791748046875,362.65167236328125,321.62384033203125,0,0,11
E:\SCHEMATICai\samples\CP-2600-2699\CP-2611r2 COMPLETE.pdf,8,612.0,792.0,screen,365.2639465332031,308.2791748046875,394.71258544921875,321.62384033203125,0,0,12
E:\SCHEMATICai\samples\CP-2600-2699\CP-2611r2 COMPLETE.pdf,8,612.0,792.0,is,397.3598327636719,308.2791748046875,405.1581115722656,321.62384033203125,0,0,13
E:\SCHEMATICai\samples\CP-2600-2699\CP-2611r2 COMPLETE.pdf,8,612.0,792.0,considered,407.88128662109375,308.2791748046875,457.7423095703125,321.62384033203125,0,0,14
E:\SCHEMATICai\samples\CP-2600-2699\CP-2611r2 COMPLETE.pdf,8,612.0,792.0,the,460.3895568847656,308.2791748046875,474.63592529296875,321.62384033203125,0,0,15
E:\SCHEMATICai\samples\CP-2600-2699\CP-2611r2 COMPLETE.pdf,8,612.0,792.0,“main”,63.180389404296875,322.0791931152344,96.4923324584961,335.4241638183594,0,1,0
E:\SCHEMATICai\samples\CP-2600-2699\CP-2611r2 COMPLETE.pdf,8,612.0,792.0,screen,99.06240844726562,322.0791931152344,128.61233520507812,335.4238586425781,0,1,1
E:\SCHEMATICai\samples\CP-2600-2699\CP-2611r2 COMPLETE.pdf,8,612.0,792.0,and,131.22581481933594,322.0791931152344,148.05552673339844,335.4238586425781,0,1,2
E:\SCHEMATICai\samples\CP-2600-2699\CP-2611r2 COMPLETE.pdf,8,612.0,792.0,will,150.60873413085938,322.0791931152344,168.4739532470703,335.4238586425781,0,1,3
E:\SCHEMATICai\samples\CP-2600-2699\CP-2611r2 COMPLETE.pdf,8,612.0,792.0,be,171.1766357421875,322.0791931152344,182.34901428222656,335.4238586425781,0,1,4
E:\SCHEMATICai\samples\CP-2600-2699\CP-2611r2 COMPLETE.pdf,8,612.0,792.0,the,184.9191131591797,322.0791931152344,199.21368408203125,335.4238586425781,0,1,5
E:\SCHEMATICai\samples\CP-2600-2699\CP-2611r2 COMPLETE.pdf,8,612.0,792.0,starting,201.66323852539062,322.0791931152344,236.37986755371094,335.4238586425781,0,1,6
E:\SCHEMATICai\samples\CP-2600-2699\CP-2611r2 COMPLETE.pdf,8,612.0,792.0,point,238.93307495117188,322.0791931152344,262.67620849609375,335.4238586425781,0,1,7
E:\SCHEMATICai\samples\CP-2600-2699\CP-2611r2 COMPLETE.pdf,8,612.0,792.0,for,265.37890625,322.0791931152344,278.9924011230469,335.4238586425781,0,1,8
E:\SCHEMATICai\samples\CP-2600-2699\CP-2611r2 COMPLETE.pdf,8,612.0,792.0,all,281.638427734375,322.0791931152344,293.1531677246094,335.4238586425781,0,1,9
E:\SCHEMATICai\samples\CP-2600-2699\CP-2611r2 COMPLETE.pdf,8,612.0,792.0,programming.,295.8558654785156,322.0791931152344,361.1483459472656,335.4238586425781,0,1,10
E:\SCHEMATICai\samples\CP-2600-2699\CP-2611r2 COMPLETE.pdf,8,612.0,792.0,Locating,63.18009567260742,349.6798400878906,104.19171905517578,363.0245056152344,0,3,0
E:\SCHEMATICai\samples\CP-2600-2699\CP-2611r2 COMPLETE.pdf,8,612.0,792.0,the,106.7316665649414,349.6798400878906,120.96597290039062,363.0245056152344,0,3,1
E:\SCHEMATICai\samples\CP-2600-2699\CP-2611r2 COMPLETE.pdf,8,612.0,792.0,clock,123.59512329101562,349.6798400878906,148.70286560058594,363.0245056152344,0,3,2
E:\SCHEMATICai\samples\CP-2600-2699\CP-2611r2 COMPLETE.pdf,8,612.0,792.0,screen:,151.2427978515625,349.6798400878906,183.81729125976562,363.0245056152344,0,3,3
E:\SCHEMATICai\samples\CP-2600-2699\CP-2611r2 COMPLETE.pdf,8,612.0,792.0,Use,63.18071746826172,363.598876953125,81.24845123291016,376.94354248046875,0,4,0
E:\SCHEMATICai\samples\CP-2600-2699\CP-2611r2 COMPLETE.pdf,8,612.0,792.0,the,83.8884506225586,363.598876953125,98.13963317871094,376.94354248046875,0,4,1
E:\SCHEMATICai\samples\CP-2600-2699\CP-2611r2 COMPLETE.pdf,8,612.0,792.0,“DOWN”,100.74105834960938,363.598876953125,149.3062286376953,376.94354248046875,0,4,2
E:\SCHEMATICai\samples\CP-2600-2699\CP-2611r2 COMPLETE.pdf,8,612.0,792.0,key,151.8003692626953,363.598876953125,168.63006591796875,376.94354248046875,0,4,3
E:\SCHEMATICai\samples\CP-2600-2699\CP-2611r2 COMPLETE.pdf,8,612.0,792.0,to,171.08322143554688,363.598876953125,180.35215759277344,376.94354248046875,0,4,4
E:\SCHEMATICai\samples\CP-2600-2699\CP-2611r2 COMPLETE.pdf,8,612.0,792.0,scroll,182.9258575439453,363.598876953125,208.53749084472656,376.94354248046875,0,4,5
E:\SCHEMATICai\samples\CP-2600-2699\CP-2611r2 COMPLETE.pdf,8,612.0,792.0,until,211.20883178710938,363.598876953125,232.38427734375,376.94354248046875,0,4,6
E:\SCHEMATICai\samples\CP-2600-2699\CP-2611r2 COMPLETE.pdf,8,612.0,792.0,the,235.0556182861328,363.598876953125,249.28990173339844,376.94354248046875,0,4,7
E:\SCHEMATICai\samples\CP-2600-2699\CP-2611r2 COMPLETE.pdf,8,612.0,792.0,clock,251.9190673828125,363.598876953125,276.9713439941406,376.94354248046875,0,4,8
E:\SCHEMATICai\samples\CP-2600-2699\CP-2611r2 COMPLETE.pdf,8,612.0,792.0,screen,279.5835876464844,363.598876953125,309.1335144042969,376.94354248046875,0,4,9
E:\SCHEMATICai\samples\CP-2600-2699\CP-2611r2 COMPLETE.pdf,8,612.0,792.0,is,311.64691162109375,363.598876953125,319.5777893066406,376.94354248046875,0,4,10
E:\SCHEMATICai\samples\CP-2600-2699\CP-2611r2 COMPLETE.pdf,8,612.0,792.0,shown.,322.1671447753906,363.598876953125,355.05621337890625,376.94354248046875,0,4,11
E:\SCHEMATICai\samples\CP-2600-2699\CP-2611r2 COMPLETE.pdf,8,612.0,792.0,To,63.18070983886719,391.19952392578125,76.16975402832031,404.544189453125,0,6,0
E:\SCHEMATICai\samples\CP-2600-2699\CP-2611r2 COMPLETE.pdf,8,612.0,792.0,enter,78.76997375488281,391.19952392578125,101.94532775878906,404.544189453125,0,6,1
E:\SCHEMATICai\samples\CP-2600-2699\CP-2611r2 COMPLETE.pdf,8,612.0,792.0,into,104.57929992675781,391.19952392578125,122.66510772705078,404.544189453125,0,6,2
E:\SCHEMATICai\samples\CP-2600-2699\CP-2611r2 COMPLETE.pdf,8,612.0,792.0,program,125.15804290771484,391.19952392578125,164.39881896972656,404.544189453125,0,6,3
E:\SCHEMATICai\samples\CP-2600-2699\CP-2611r2 COMPLETE.pdf,8,612.0,792.0,mode,166.709716796875,391.19952392578125,192.31771850585938,404.544189453125,0,6,4
E:\SCHEMATICai\samples\CP-2600-2699\CP-2611r2 COMPLETE.pdf,8,612.0,792.0,press,194.95169067382812,391.19952392578125,218.78884887695312,404.544189453125,0,6,5
E:\SCHEMATICai\samples\CP-2600-2699\CP-2611r2 COMPLETE.pdf,8,612.0,792.0,“ESC”,221.42282104492188,391.19952392578125,253.93345642089844,404.544189453125,0,6,6
E:\SCHEMATICai\samples\CP-2600-2699\CP-2611r2 COMPLETE.pdf,8,612.0,792.0,once.,256.62286376953125,391.19952392578125,281.3002624511719,404.544189453125,0,6,7
E:\SCHEMATICai\samples\CP-2600-2699\CP-2611r2 COMPLETE.pdf,8,612.0,792.0,Arrow,286.826171875,391.19952392578125,317.2476806640625,404.544189453125,0,6,8
E:\SCHEMATICai\samples\CP-2600-2699\CP-2611r2 COMPLETE.pdf,8,612.0,792.0,down,319.6080322265625,391.19952392578125,345.4402770996094,404.544189453125,0,6,9
E:\SCHEMATICai\samples\CP-2600-2699\CP-2611r2 COMPLETE.pdf,8,612.0,792.0,to,348.0187683105469,391.19952392578125,357.2286682128906,404.544189453125,0,6,10
E:\SCHEMATICai\samples\CP-2600-2699\CP-2611r2 COMPLETE.pdf,8,612.0,792.0,desired,359.8071594238281,391.19952392578125,393.0687561035156,404.544189453125,0,6,11
E:\SCHEMATICai\samples\CP-2600-2699\CP-2611r2 COMPLETE.pdf,8,612.0,792.0,selection,395.65087890625,391.19952392578125,436.54803466796875,404.544189453125,0,6,12
E:\SCHEMATICai\samples\CP-2600-2699\CP-2611r2 COMPLETE.pdf,8,612.0,792.0,and,439.1301574707031,391.19952392578125,456.00927734375,404.544189453125,0,6,13
E:\SCHEMATICai\samples\CP-2600-2699\CP-2611r2 COMPLETE.pdf,8,612.0,792.0,press,458.5914001464844,391.19952392578125,482.3080139160156,404.544189453125,0,6,14
E:\SCHEMATICai\samples\CP-2600-2699\CP-2611r2 COMPLETE.pdf,8,612.0,792.0,“OK”.,63.18070983886719,405.0589294433594,94.18324279785156,418.4035949707031,0,7,0
E:\SCHEMATICai\samples\CP-2600-2699\CP-2611r2 COMPLETE.pdf,8,612.0,792.0,•,77.88033294677734,432.12432861328125,83.41348266601562,446.8794250488281,0,9,0
E:\SCHEMATICai\samples\CP-2600-2699\CP-2611r2 COMPLETE.pdf,8,612.0,792.0,To,92.5799560546875,433.49859619140625,105.56900024414062,446.84326171875,0,9,1
E:\SCHEMATICai\samples\CP-2600-2699\CP-2611r2 COMPLETE.pdf,8,612.0,792.0,set,108.1812744140625,433.49859619140625,121.10160827636719,446.84326171875,0,9,2
E:\SCHEMATICai\samples\CP-2600-2699\CP-2611r2 COMPLETE.pdf,8,612.0,792.0,"clock,",123.8115234375,433.49859619140625,151.62074279785156,446.84326171875,0,9,3
E:\SCHEMATICai\samples\CP-2600-2699\CP-2611r2 COMPLETE.pdf,8,612.0,792.0,arrow,154.30653381347656,433.49859619140625,181.53469848632812,446.84326171875,0,9,4
E:\SCHEMATICai\samples\CP-2600-2699\CP-2611r2 COMPLETE.pdf,8,612.0,792.0,down,183.9287872314453,433.49859619140625,209.6332550048828,446.84326171875,0,9,5
E:\SCHEMATICai\samples\CP-2600-2699\CP-2611r2 COMPLETE.pdf,8,612.0,792.0,to,212.24551391601562,433.49859619140625,221.45538330078125,446.84326171875,0,9,6
E:\SCHEMATICai\samples\CP-2600-2699\CP-2611r2 COMPLETE.pdf,8,612.0,792.0,“SET”,224.0073699951172,433.49859619140625,255.79229736328125,446.84326171875,0,9,7
E:\SCHEMATICai\samples\CP-2600-2699\CP-2611r2 COMPLETE.pdf,8,612.0,792.0,and,258.38531494140625,433.49859619140625,275.2789001464844,446.84326171875,0,9,8
E:\SCHEMATICai\samples\CP-2600-2699\CP-2611r2 COMPLETE.pdf,8,612.0,792.0,press,277.7826843261719,433.49859619140625,301.59332275390625,446.84326171875,0,9,9
E:\SCHEMATICai\samples\CP-2600-2699\CP-2611r2 COMPLETE.pdf,8,612.0,792.0,“OK”.,304.25140380859375,433.49859619140625,335.11407470703125,446.84326171875,0,9,10
E:\SCHEMATICai\samples\CP-2600-2699\CP-2611r2 COMPLETE.pdf,8,612.0,792.0,“CLOCK”,337.92047119140625,433.49859619140625,390.2514953613281,446.84326171875,0,9,11
E:\SCHEMATICai\samples\CP-2600-2699\CP-2611r2 COMPLETE.pdf,8,612.0,792.0,will,392.85052490234375,433.49859619140625,410.77117919921875,446.84326171875,0,9,12
E:\SCHEMATICai\samples\CP-2600-2699\CP-2611r2 COMPLETE.pdf,8,612.0,792.0,appear.,413.5016174316406,433.49859619140625,447.1152648925781,446.84326171875,0,9,13
E:\SCHEMATICai\samples\CP-2600-2699\CP-2611r2 COMPLETE.pdf,8,612.0,792.0,Press,449.71429443359375,433.49859619140625,474.1976013183594,446.84326171875,0,9,14
E:\SCHEMATICai\samples\CP-2600-2699\CP-2611r2 COMPLETE.pdf,8,612.0,792.0,“OK”.,92.57989501953125,447.3580017089844,123.58243560791016,460.7026672363281,0,10,0
E:\SCHEMATICai\samples\CP-2600-2699\CP-2611r2 COMPLETE.pdf,8,612.0,792.0,“SET,126.29959106445312,447.3580017089844,153.2963104248047,460.7026672363281,0,10,1
E:\SCHEMATICai\samples\CP-2600-2699\CP-2611r2 COMPLETE.pdf,8,612.0,792.0,CLOCK”,155.75547790527344,447.3580017089844,203.1718292236328,460.7026672363281,0,10,2
E:\SCHEMATICai\samples\CP-2600-2699\CP-2611r2 COMPLETE.pdf,8,612.0,792.0,will,205.80941772460938,447.3580017089844,223.80242919921875,460.7026672363281,0,10,3
E:\SCHEMATICai\samples\CP-2600-2699\CP-2611r2 COMPLETE.pdf,8,612.0,792.0,then,226.50148010253906,447.3580017089844,246.4292755126953,460.7026672363281,0,10,4
E:\SCHEMATICai\samples\CP-2600-2699\CP-2611r2 COMPLETE.pdf,8,612.0,792.0,appear.,249.02947998046875,447.3580017089844,282.546630859375,460.7026672363281,0,10,5
E:\SCHEMATICai\samples\CP-2600-2699\CP-2611r2 COMPLETE.pdf,8,612.0,792.0,Press,285.1842041015625,447.3580017089844,309.6518249511719,460.7026672363281,0,10,6
E:\SCHEMATICai\samples\CP-2600-2699\CP-2611r2 COMPLETE.pdf,8,612.0,792.0,“OK”,312.2893981933594,447.3580017089844,340.3313293457031,460.7026672363281,0,10,7
E:\SCHEMATICai\samples\CP-2600-2699\CP-2611r2 COMPLETE.pdf,8,612.0,792.0,again.,342.92913818359375,447.3580017089844,370.8420104980469,460.7026672363281,0,10,8
E:\SCHEMATICai\samples\CP-2600-2699\CP-2611r2 COMPLETE.pdf,8,612.0,792.0,Use,373.5483093261719,447.3580017089844,391.6160583496094,460.7026672363281,0,10,9
E:\SCHEMATICai\samples\CP-2600-2699\CP-2611r2 COMPLETE.pdf,8,612.0,792.0,“LEFT”,394.2138671875,447.3580017089844,434.3515625,460.7026672363281,0,10,10
E:\SCHEMATICai\samples\CP-2600-2699\CP-2611r2 COMPLETE.pdf,8,612.0,792.0,and,436.921630859375,447.3580017089844,453.8296813964844,460.7026672363281,0,10,11
E:\SCHEMATICai\samples\CP-2600-2699\CP-2611r2 COMPLETE.pdf,8,612.0,792.0,“RIGHT”,92.57992553710938,461.1583251953125,141.19210815429688,474.50299072265625,0,11,0
E:\SCHEMATICai\samples\CP-2600-2699\CP-2611r2 COMPLETE.pdf,8,612.0,792.0,arrow,143.76580810546875,461.1583251953125,171.02169799804688,474.50299072265625,0,11,1
E:\SCHEMATICai\samples\CP-2600-2699\CP-2611r2 COMPLETE.pdf,8,612.0,792.0,keys,173.3482666015625,461.1583251953125,194.52011108398438,474.50299072265625,0,11,2
E:\SCHEMATICai\samples\CP-2600-2699\CP-2611r2 COMPLETE.pdf,8,612.0,792.0,to,197.1408233642578,461.1583251953125,206.35069274902344,474.50299072265625,0,11,3
E:\SCHEMATICai\samples\CP-2600-2699\CP-2611r2 COMPLETE.pdf,8,612.0,792.0,maneuver,208.89544677734375,461.1583251953125,254.23475646972656,474.50299072265625,0,11,4
E:\SCHEMATICai\samples\CP-2600-2699\CP-2611r2 COMPLETE.pdf,8,612.0,792.0,around,256.8723449707031,461.1583251953125,289.01171875,474.50299072265625,0,11,5
E:\SCHEMATICai\samples\CP-2600-2699\CP-2611r2 COMPLETE.pdf,8,612.0,792.0,and,291.4962463378906,461.1583251953125,308.426025390625,474.50299072265625,0,11,6
E:\SCHEMATICai\samples\CP-2600-2699\CP-2611r2 COMPLETE.pdf,8,612.0,792.0,the,310.999755859375,461.1583251953125,325.23406982421875,474.50299072265625,0,11,7
E:\SCHEMATICai\samples\CP-2600-2699\CP-2611r2 COMPLETE.pdf,8,612.0,792.0,“UP”,327.80780029296875,461.1583251953125,353.2312316894531,474.50299072265625,0,11,8
E:\SCHEMATICai\samples\CP-2600-2699\CP-2611r2 COMPLETE.pdf,8,612.0,792.0,and,355.8423156738281,461.1583251953125,372.7720947265625,474.50299072265625,0,11,9
E:\SCHEMATICai\samples\CP-2600-2699\CP-2611r2 COMPLETE.pdf,8,612.0,792.0,“DOWN”,375.3831787109375,461.1583251953125,422.5909423828125,474.50299072265625,0,11,10
E:\SCHEMATICai\samples\CP-2600-2699\CP-2611r2 COMPLETE.pdf,8,612.0,792.0,keys,425.1802978515625,461.1583251953125,446.3690185546875,474.50299072265625,0,11,11
E:\SCHEMATICai\samples\CP-2600-2699\CP-2611r2 COMPLETE.pdf,8,612.0,792.0,to,448.9969482421875,461.1583251953125,458.20684814453125,474.50299072265625,0,11,12
E:\SCHEMATICai\samples\CP-2600-2699\CP-2611r2 COMPLETE.pdf,8,612.0,792.0,change,92.5799560546875,475.0177307128906,125.26654815673828,488.3623962402344,0,12,0
E:\SCHEMATICai\samples\CP-2600-2699\CP-2611r2 COMPLETE.pdf,8,612.0,792.0,setting.,127.89569854736328,475.0177307128906,161.45143127441406,488.3623962402344,0,12,1
E:\SCHEMATICai\samples\CP-2600-2699\CP-2611r2 COMPLETE.pdf,8,612.0,792.0,Once,164.10829162597656,475.0177307128906,188.48670959472656,488.3623962402344,0,12,2
E:\SCHEMATICai\samples\CP-2600-2699\CP-2611r2 COMPLETE.pdf,8,612.0,792.0,complete,191.0338897705078,475.0177307128906,233.38479614257812,488.3623962402344,0,12,3
E:\SCHEMATICai\samples\CP-2600-2699\CP-2611r2 COMPLETE.pdf,8,612.0,792.0,press,235.92474365234375,475.0177307128906,259.7173156738281,488.3623962402344,0,12,4
E:\SCHEMATICai\samples\CP-2600-2699\CP-2611r2 COMPLETE.pdf,8,612.0,792.0,“OK”.,262.3766174316406,475.0177307128906,293.17425537109375,488.3623962402344,0,12,5
E:\SCHEMATICai\samples\CP-2600-2699\CP-2611r2 COMPLETE.pdf,8,612.0,792.0,To,295.8600769042969,475.0177307128906,308.84912109375,488.3623962402344,0,12,6
E:\SCHEMATICai\samples\CP-2600-2699\CP-2611r2 COMPLETE.pdf,8,612.0,792.0,get,311.46142578125,475.0177307128906,325.6740417480469,488.3623962402344,0,12,7
E:\SCHEMATICai\samples\CP-2600-2699\CP-2611r2 COMPLETE.pdf,8,612.0,792.0,to,328.3309326171875,475.0177307128906,337.5938415527344,488.3623962402344,0,12,8
E:\SCHEMATICai\samples\CP-2600-2699\CP-2611r2 COMPLETE.pdf,8,612.0,792.0,parameter,340.0988464355469,475.0177307128906,386.05657958984375,488.3623962402344,0,12,9
E:\SCHEMATICai\samples\CP-2600-2699\CP-2611r2 COMPLETE.pdf,8,612.0,792.0,screen,388.6543884277344,475.0177307128906,418.20428466796875,488.3623962402344,0,12,10
E:\SCHEMATICai\samples\CP-2600-2699\CP-2611r2 COMPLETE.pdf,8,612.0,792.0,press,420.70928955078125,475.0177307128906,444.53802490234375,488.3623962402344,0,12,11
E:\SCHEMATICai\samples\CP-2600-2699\CP-2611r2 COMPLETE.pdf,8,612.0,792.0,“ESC”.,447.1189270019531,475.0177307128906,482.4418640136719,488.3623962402344,0,12,12
E:\SCHEMATICai\samples\CP-2600-2699\CP-2611r2 COMPLETE.pdf,8,612.0,792.0,To,92.57998657226562,488.81805419921875,105.56903076171875,502.1627197265625,0,13,0
E:\SCHEMATICai\samples\CP-2600-2699\CP-2611r2 COMPLETE.pdf,8,612.0,792.0,get,108.18131256103516,488.81805419921875,122.33485412597656,502.1627197265625,0,13,1
E:\SCHEMATICai\samples\CP-2600-2699\CP-2611r2 COMPLETE.pdf,8,612.0,792.0,to,125.0351333618164,488.81805419921875,134.1847381591797,502.1627197265625,0,13,2
E:\SCHEMATICai\samples\CP-2600-2699\CP-2611r2 COMPLETE.pdf,8,612.0,792.0,main,136.79701232910156,488.81805419921875,159.91932678222656,502.1627197265625,0,13,3
E:\SCHEMATICai\samples\CP-2600-2699\CP-2611r2 COMPLETE.pdf,8,612.0,792.0,screen,162.47132873535156,488.81805419921875,192.09361267089844,502.1627197265625,0,13,4
E:\SCHEMATICai\samples\CP-2600-2699\CP-2611r2 COMPLETE.pdf,8,612.0,792.0,(clock,194.57925415039062,488.81805419921875,223.56863403320312,502.1627197265625,0,13,5
E:\SCHEMATICai\samples\CP-2600-2699\CP-2611r2 COMPLETE.pdf,8,612.0,792.0,showing),226.03623962402344,488.81805419921875,268.8320007324219,502.1627197265625,0,13,6
E:\SCHEMATICai\samples\CP-2600-2699\CP-2611r2 COMPLETE.pdf,8,612.0,792.0,press,271.5370788574219,488.81805419921875,295.3790588378906,502.1627197265625,0,13,7
E:\SCHEMATICai\samples\CP-2600-2699\CP-2611r2 COMPLETE.pdf,8,612.0,792.0,“ESC”,297.96600341796875,488.81805419921875,330.4320373535156,502.1627197265625,0,13,8
E:\SCHEMATICai\samples\CP-2600-2699\CP-2611r2 COMPLETE.pdf,8,612.0,792.0,again.,333.0117492675781,488.81805419921875,361.0668640136719,502.1627197265625,0,13,9
E:\SCHEMATICai\samples\CP-2600-2699\CP-2611r2 COMPLETE.pdf,8,612.0,792.0,Notes:,63.18000030517578,502.7390441894531,93.29271697998047,516.0836791992188,0,14,0
E:\SCHEMATICai\samples\CP-2600-2699\CP-2611r2 COMPLETE.pdf,8,612.0,792.0,1),77.87999725341797,516.5391845703125,87.71430969238281,529.8838500976562,0,15,0
E:\SCHEMATICai\samples\CP-2600-2699\CP-2611r2 COMPLETE.pdf,8,612.0,792.0,To,92.57962036132812,516.5391845703125,105.56866455078125,529.8838500976562,0,15,1
E:\SCHEMATICai\samples\CP-2600-2699\CP-2611r2 COMPLETE.pdf,8,612.0,792.0,view,108.1821517944336,516.5391845703125,131.00189208984375,529.8838500976562,0,15,2
E:\SCHEMATICai\samples\CP-2600-2699\CP-2611r2 COMPLETE.pdf,8,612.0,792.0,"inputs,",133.33689880371094,516.5391845703125,164.38162231445312,529.8838500976562,0,15,3
E:\SCHEMATICai\samples\CP-2600-2699\CP-2611r2 COMPLETE.pdf,8,612.0,792.0,at,166.99749755859375,516.5391845703125,175.4961395263672,529.8838500976562,0,15,4
E:\SCHEMATICai\samples\CP-2600-2699\CP-2611r2 COMPLETE.pdf,8,612.0,792.0,the,178.1120147705078,516.5391845703125,192.37042236328125,529.8838500976562,0,15,5
E:\SCHEMATICai\samples\CP-2600-2699\CP-2611r2 COMPLETE.pdf,8,612.0,792.0,main,194.9405059814453,516.5391845703125,218.0724639892578,529.8838500976562,0,15,6
E:\SCHEMATICai\samples\CP-2600-2699\CP-2611r2 COMPLETE.pdf,8,612.0,792.0,screen,220.6256561279297,516.5391845703125,250.23953247070312,529.8838500976562,0,15,7
E:\SCHEMATICai\samples\CP-2600-2699\CP-2611r2 COMPLETE.pdf,8,612.0,792.0,(clock,252.7987518310547,516.5391845703125,281.74957275390625,529.8838500976562,0,15,8
E:\SCHEMATICai\samples\CP-2600-2699\CP-2611r2 COMPLETE.pdf,8,612.0,792.0,showing),284.308837890625,516.5391845703125,327.15045166015625,529.8838500976562,0,15,9
E:\SCHEMATICai\samples\CP-2600-2699\CP-2611r2 COMPLETE.pdf,8,612.0,792.0,press,329.7808532714844,516.5391845703125,353.6313171386719,529.8838500976562,0,15,10
E:\SCHEMATICai\samples\CP-2600-2699\CP-2611r2 COMPLETE.pdf,8,612.0,792.0,the,356.0856628417969,516.5391845703125,370.4996032714844,529.8838500976562,0,15,11
E:\SCHEMATICai\samples\CP-2600-2699\CP-2611r2 COMPLETE.pdf,8,612.0,792.0,“RIGHT”,373.0588684082031,516.5391845703125,421.51171875,529.8838500976562,0,15,12
E:\SCHEMATICai\samples\CP-2600-2699\CP-2611r2 COMPLETE.pdf,8,612.0,792.0,arrow,424.00103759765625,516.5391845703125,451.1882629394531,529.8838500976562,0,15,13
E:\SCHEMATICai\samples\CP-2600-2699\CP-2611r2 COMPLETE.pdf,8,612.0,792.0,key.,453.4931335449219,516.5391845703125,472.98455810546875,529.8838500976562,0,15,14
E:\SCHEMATICai\samples\CP-2600-2699\CP-2611r2 COMPLETE.pdf,8,612.0,792.0,To,92.58084106445312,530.3394775390625,105.56988525390625,543.6841430664062,0,16,0
E:\SCHEMATICai\samples\CP-2600-2699\CP-2611r2 COMPLETE.pdf,8,612.0,792.0,return,108.1930160522461,530.3394775390625,135.87567138671875,543.6841430664062,0,16,1
E:\SCHEMATICai\samples\CP-2600-2699\CP-2611r2 COMPLETE.pdf,8,612.0,792.0,to,138.43850708007812,530.3394775390625,147.6146240234375,543.6841430664062,0,16,2
E:\SCHEMATICai\samples\CP-2600-2699\CP-2611r2 COMPLETE.pdf,8,612.0,792.0,main,150.17745971679688,530.3394775390625,173.25035095214844,543.6841430664062,0,16,3
E:\SCHEMATICai\samples\CP-2600-2699\CP-2611r2 COMPLETE.pdf,8,612.0,792.0,screen,175.8131866455078,530.3394775390625,205.49693298339844,543.6841430664062,0,16,4
E:\SCHEMATICai\samples\CP-2600-2699\CP-2611r2 COMPLETE.pdf,8,612.0,792.0,press,208.0597686767578,530.3394775390625,231.88848876953125,543.6841430664062,0,16,5
E:\SCHEMATICai\samples\CP-2600-2699\CP-2611r2 COMPLETE.pdf,8,612.0,792.0,“LEFT”,234.5164337158203,530.3394775390625,274.5130920410156,543.6841430664062,0,16,6
E:\SCHEMATICai\samples\CP-2600-2699\CP-2611r2 COMPLETE.pdf,8,612.0,792.0,arrow,277.12176513671875,530.3394775390625,304.3089904785156,543.6841430664062,0,16,7
E:\SCHEMATICai\samples\CP-2600-2699\CP-2611r2 COMPLETE.pdf,8,612.0,792.0,key.,306.73321533203125,530.3394775390625,326.2246398925781,543.6841430664062,0,16,8
E:\SCHEMATICai\samples\CP-2600-2699\CP-2611r2 COMPLETE.pdf,8,612.0,792.0,2),77.8812255859375,544.1398315429688,87.71553802490234,557.4844970703125,0,17,0
E:\SCHEMATICai\samples\CP-2600-2699\CP-2611r2 COMPLETE.pdf,8,612.0,792.0,To,92.58084869384766,544.1398315429688,105.56989288330078,557.4844970703125,0,17,1
E:\SCHEMATICai\samples\CP-2600-2699\CP-2611r2 COMPLETE.pdf,8,612.0,792.0,view,108.1833724975586,544.1398315429688,130.9307861328125,557.4844970703125,0,17,2
E:\SCHEMATICai\samples\CP-2600-2699\CP-2611r2 COMPLETE.pdf,8,612.0,792.0,"outputs,",133.26580810546875,544.1398315429688,170.0992431640625,557.4844970703125,0,17,3
E:\SCHEMATICai\samples\CP-2600-2699\CP-2611r2 COMPLETE.pdf,8,612.0,792.0,at,172.72596740722656,544.1398315429688,181.20050048828125,557.4844970703125,0,17,4
E:\SCHEMATICai\samples\CP-2600-2699\CP-2611r2 COMPLETE.pdf,8,612.0,792.0,the,183.91160583496094,544.1398315429688,198.20497131347656,557.4844970703125,0,17,5
E:\SCHEMATICai\samples\CP-2600-2699\CP-2611r2 COMPLETE.pdf,8,612.0,792.0,main,200.9160919189453,544.1398315429688,223.98898315429688,557.4844970703125,0,17,6
E:\SCHEMATICai\samples\CP-2600-2699\CP-2611r2 COMPLETE.pdf,8,612.0,792.0,screen,226.54217529296875,544.1398315429688,255.84866333007812,557.4844970703125,0,17,7
E:\SCHEMATICai\samples\CP-2600-2699\CP-2611r2 COMPLETE.pdf,8,612.0,792.0,(clock,258.4500732421875,544.1398315429688,287.3080749511719,557.4844970703125,0,17,8
E:\SCHEMATICai\samples\CP-2600-2699\CP-2611r2 COMPLETE.pdf,8,612.0,792.0,showing),289.8492431640625,544.1398315429688,332.7390441894531,557.4844970703125,0,17,9
E:\SCHEMATICai\samples\CP-2600-2699\CP-2611r2 COMPLETE.pdf,8,612.0,792.0,press,335.3236083984375,544.1398315429688,359.04266357421875,557.4844970703125,0,17,10
E:\SCHEMATICai\samples\CP-2600-2699\CP-2611r2 COMPLETE.pdf,8,612.0,792.0,the,361.72003173828125,544.1398315429688,376.0025634765625,557.4844970703125,0,17,11
E:\SCHEMATICai\samples\CP-2600-2699\CP-2611r2 COMPLETE.pdf,8,612.0,792.0,“RIGHT”,378.5871276855469,544.1398315429688,427.21246337890625,557.4844970703125,0,17,12
E:\SCHEMATICai\samples\CP-2600-2699\CP-2611r2 COMPLETE.pdf,8,612.0,792.0,arrow,429.8006286621094,544.1398315429688,456.94677734375,557.4844970703125,0,17,13
E:\SCHEMATICai\samples\CP-2600-2699\CP-2611r2 COMPLETE.pdf,8,612.0,792.0,key,459.3107604980469,544.1398315429688,476.1392517089844,557.4844970703125,0,17,14
E:\SCHEMATICai\samples\CP-2600-2699\CP-2611r2 COMPLETE.pdf,8,612.0,792.0,twice.,92.58084106445312,557.940185546875,120.48408508300781,571.2848510742188,0,18,0
E:\SCHEMATICai\samples\CP-2600-2699\CP-2611r2 COMPLETE.pdf,8,612.0,792.0,To,123.17109680175781,557.940185546875,136.16014099121094,571.2848510742188,0,18,1
E:\SCHEMATICai\samples\CP-2600-2699\CP-2611r2 COMPLETE.pdf,8,612.0,792.0,return,138.77362060546875,557.940185546875,166.2851104736328,571.2848510742188,0,18,2
E:\SCHEMATICai\samples\CP-2600-2699\CP-2611r2 COMPLETE.pdf,8,612.0,792.0,to,168.83831787109375,557.940185546875,177.9879150390625,571.2848510742188,0,18,3
E:\SCHEMATICai\samples\CP-2600-2699\CP-2611r2 COMPLETE.pdf,8,612.0,792.0,main,180.54112243652344,557.940185546875,203.7261199951172,571.2848510742188,0,18,4
E:\SCHEMATICai\samples\CP-2600-2699\CP-2611r2 COMPLETE.pdf,8,612.0,792.0,screen,206.27932739257812,557.940185546875,235.82928466796875,571.2848510742188,0,18,5
E:\SCHEMATICai\samples\CP-2600-2699\CP-2611r2 COMPLETE.pdf,8,612.0,792.0,press,238.3824920654297,557.940185546875,262.21124267578125,571.2848510742188,0,18,6
E:\SCHEMATICai\samples\CP-2600-2699\CP-2611r2 COMPLETE.pdf,8,612.0,792.0,“LEFT”,264.8403625488281,557.940185546875,305.052734375,571.2848510742188,0,18,7
E:\SCHEMATICai\samples\CP-2600-2699\CP-2611r2 COMPLETE.pdf,8,612.0,792.0,arrow,307.66864013671875,557.940185546875,334.92578125,571.2848510742188,0,18,8
E:\SCHEMATICai\samples\CP-2600-2699\CP-2611r2 COMPLETE.pdf,8,612.0,792.0,key,337.2825012207031,557.940185546875,354.11102294921875,571.2848510742188,0,18,9
E:\SCHEMATICai\samples\CP-2600-2699\CP-2611r2 COMPLETE.pdf,8,612.0,792.0,twice.,356.5063171386719,557.940185546875,384.4722595214844,571.2848510742188,0,18,10
